Plasmid_ID,Ori's present,Identity of each ori,Cov of each ori,ARG's present,Identity of ARGs,Cov of ARGs
seq_1005,ColE1,99.66,100.00,blaTEM-116,100.00,100.00
seq_1013,ColE1,99.83,100.00,blaTEM-116,100.00,100.00
seq_1017,ColE1,99.83,100.00,blaTEM-1,100.00,100.00
seq_1019,ColE1,99.83,100.00,blaTEM-116,100.00,100.00
seq_102,ColE1,99.83,100.00,aph(3')-Ia,100.00,100.00
seq_1026,ColE1,99.83,100.00,blaTEM-116,100.00,100.00
seq_1030,ColE1,99.83,100.00,blaTEM-1,100.00,100.00
seq_1052,ColE1,99.83,100.00,blaTEM-116,100.00,100.00
seq_1053,ColE1,99.83,100.00,aph(3')-Ia,100.00,100.00
seq_1054,ColE1,99.66,100.00,blaTEM-116,100.00,100.00
seq_1056,ColE1,99.83,100.00,aph(3')-Ia,100.00,100.00
seq_1066,ColE1,99.83,100.00,aph(3')-Ia,100.00,100.00
seq_1067,ColE1,99.83,100.00,blaTEM-1,100.00,100.00
seq_1072,ColE1,99.83,100.00,aph(3')-Ia,100.00,100.00
seq_1080,ColE1,99.83,100.00,blaTEM-171,100.00,100.00
seq_1084,ColE1,99.83,100.00,aph(3')-Ia,100.00,100.00
seq_1091,ColE1,99.83,100.00,blaTEM-1,100.00,100.00
seq_1105,ColE1,99.66,100.00,blaTEM-116,100.00,100.00
seq_1108,ColE1,99.83,100.00,blaTEM-1,100.00,100.00
seq_1112,ColE1,99.83,100.00,aph(3')-Ia,100.00,100.00
seq_1116,ColE1,99.83,100.00,blaTEM-171,100.00,100.00
seq_1125,ColE1,99.66,100.00,catA1,100.00,100.00
seq_1133,ColE1,99.83,100.00,blaTEM-1,100.00,100.00
seq_1136,ColE1,99.83,100.00,blaTEM-1,100.00,100.00
seq_1144,ColE1,99.66,100.00,blaTEM-116,100.00,100.00
seq_1148,ColE1,99.66,100.00,blaTEM-1,100.00,100.00
seq_1167,ColE1,99.83,100.00,blaTEM-1,100.00,100.00
seq_1198,ColE1,99.83,100.00,blaTEM-181,100.00,100.00
seq_1207,ColE1,99.83,100.00,aph(3')-Ia,100.00,100.00
seq_1211,ColE1,99.83,100.00,blaTEM-181,100.00,100.00
seq_1214,ColE1,99.83,100.00,aph(3')-Ia,100.00,100.00
seq_1223,ColE1,99.83,100.00,aph(3')-Ia,100.00,100.00
seq_1229,ColE1,99.83,100.00,blaTEM-1,100.00,100.00
seq_1235,ColE1,99.83,100.00,aph(3')-Ia,100.00,100.00
seq_1255,ColE1,99.83,100.00,aph(3')-Ia,100.00,100.00
seq_126,ColE1,99.83,100.00,blaTEM-1,100.00,100.00
seq_1265,ColE1,99.49,100.00,blaTEM-116,100.00,100.00
seq_1292,ColE1,99.83,100.00,blaTEM-171,100.00,100.00
seq_1307,ColE1,99.66,100.00,blaTEM-116,100.00,100.00
seq_1311,ColE1,99.83,100.00,aph(3')-IIIa,100.00,100.00
seq_1322,ColE1,99.83,100.00,blaTEM-116,100.00,100.00
seq_1323,ColE1,99.83,100.00,blaTEM-116,100.00,100.00
seq_1326,ColE1,99.66,100.00,blaTEM-116,100.00,100.00
seq_1362,ColE1,99.83,100.00,aph(3')-Ia,100.00,100.00
seq_1379,ColE1,99.66,100.00,blaTEM-181,100.00,100.00
seq_1389,ColE1,99.83,100.00,blaTEM-116,100.00,100.00
seq_1397,ColE1,99.83,100.00,blaTEM-116,100.00,100.00
seq_1402,ColE1,99.66,100.00,aadA1,100.00,100.00
seq_1433,ColE10_1__X01654,100.00,100.00,aph(3')-IIa,100.00,100.00
seq_147,ColE1,99.83,100.00,blaTEM-1,100.00,100.00
seq_148,ColE1,99.83,100.00,aph(3')-Ia,100.00,100.00
seq_1493,ColE1,99.66,100.00,aph(3')-Ia,100.00,100.00
seq_1502,ColE1,99.83,100.00,blaTEM-1,100.00,100.00
seq_1514,ColE1,99.83,100.00,blaTEM-171,100.00,100.00
seq_1521,ColE1,99.66,100.00,blaTEM-116,100.00,100.00
seq_1548,ColE1,99.66,100.00,blaTEM-116,100.00,100.00
seq_1577,ColE1,99.83,100.00,aph(3')-Ia,100.00,100.00
seq_1586,ColE1,99.83,100.00,aph(3')-Ia,100.00,100.00
seq_1596,ColE1,99.66,100.00,blaTEM-116,100.00,100.00
seq_1607,ColE1,99.66,100.00,blaTEM-116,100.00,100.00
seq_162,ColE1,99.83,100.00,aph(3')-Ia,100.00,100.00
seq_1620,ColE1,99.83,100.00,blaTEM-116,100.00,100.00
seq_1627,ColE1,99.83,100.00,blaTEM-116,100.00,100.00
seq_164,ColE1,99.83,100.00,blaTEM-171,100.00,100.00
seq_1661,ColE1,99.83,100.00,blaTEM-1,100.00,100.00
seq_167,ColE10_1__X01654,100.00,100.00,catA1,100.00,100.00
seq_1671,ColE1,99.83,100.00,blaTEM-116,100.00,100.00
seq_1679,ColE1,99.66,100.00,aph(3')-Ia,100.00,100.00
seq_1691,ColE1,99.66,100.00,catA1,100.00,100.00
seq_1694,ColE1,99.83,100.00,aph(3')-Ia,100.00,100.00
seq_1696,ColE10_1__X01654,99.44,100.00,aph(3')-Ia,100.00,100.00
seq_170,ColE1,99.83,100.00,aph(3')-Ia,100.00,100.00
seq_1704,ColE1,99.83,100.00,blaTEM-1,100.00,100.00
seq_1707,ColE1,99.83,100.00,blaTEM-116,100.00,100.00
seq_1711,ColE1,99.66,100.00,aph(3')-IIa,100.00,100.00
seq_1712,ColE1,99.66,100.00,catA1,100.00,100.00
seq_1718,ColE1,99.83,100.00,blaTEM-171,100.00,100.00
seq_1725,ColE1,99.66,100.00,aadA1,100.00,100.00
seq_1754,ColE1,99.83,100.00,aph(3')-IIIa,100.00,100.00
seq_1759,ColE1,99.66,100.00,catA1,100.00,100.00
seq_1768,ColE1,99.66,100.00,blaTEM-116,100.00,100.00
seq_177,ColE1,99.66,100.00,blaTEM-116,100.00,100.00
seq_1794,ColE1,99.83,100.00,blaTEM-116,100.00,100.00
seq_1798,ColE1,99.66,100.00,blaTEM-181,100.00,100.00
seq_1825,ColE1,99.49,100.00,blaTEM-1,100.00,100.00
seq_1835,ColE1,99.49,100.00,blaTEM-116,100.00,100.00
seq_1839,ColE1,99.83,100.00,blaTEM-171,100.00,100.00
seq_188,ColE1,99.83,100.00,blaTEM-1,100.00,100.00
seq_1880,ColE1,99.83,100.00,aph(3')-Ia,100.00,100.00
seq_1884,ColE1,99.83,100.00,blaTEM-171,100.00,100.00
seq_1891,ColE1,99.83,100.00,blaTEM-1,100.00,100.00
seq_1893,ColE1,99.83,100.00,aph(3')-Ia,100.00,100.00
seq_190,ColE1,99.66,100.00,blaTEM-116,100.00,100.00
seq_1922,ColE10_1__X01654,100.00,100.00,catA1,100.00,100.00
seq_1930,ColE1,99.83,100.00,blaTEM-116,100.00,100.00
seq_1935,ColE1,99.66,100.00,blaTEM-116,100.00,100.00
seq_196,ColE1,99.83,100.00,aph(3')-Ia,100.00,100.00
seq_1977,ColE1,99.83,100.00,blaTEM-171,100.00,100.00
seq_1978,ColE1,99.66,100.00,blaTEM-116,100.00,100.00
seq_1983,ColE1,99.66,100.00,blaTEM-1,100.00,100.00
seq_2010,ColE1,99.66,100.00,blaTEM-116,100.00,100.00
seq_2026,ColE1,99.49,100.00,blaTEM-116,100.00,100.00
seq_203,ColE1,99.83,100.00,blaTEM-171,100.00,100.00
seq_2035,ColE1,99.66,100.00,aph(3')-Ia,100.00,100.00
seq_204,ColE1,99.83,100.00,aph(3')-Ia,100.00,100.00
seq_2048,ColE1,99.83,100.00,blaTEM-116,100.00,100.00
seq_2087,ColE1,99.66,100.00,blaTEM-116,100.00,100.00
seq_209,ColE1,99.83,100.00,blaTEM-171,100.00,100.00
seq_2095,ColE1,99.66,100.00,blaTEM-116,100.00,100.00
seq_21,ColE1,99.83,100.00,blaTEM-1,100.00,100.00
seq_212,ColE1,99.83,100.00,blaTEM-1,100.00,100.00
seq_2132,ColE1,99.66,100.00,blaTEM-1,100.00,100.00
seq_2145,ColE1,99.66,100.00,aph(3')-Ia,100.00,100.00
seq_2162,ColE1,99.66,100.00,blaTEM-1,100.00,100.00
seq_2199,ColE1,99.83,100.00,aph(3')-Ia,100.00,100.00
seq_2201,ColE1,99.66,100.00,blaTEM-116,100.00,100.00
seq_2213,ColE1,99.83,100.00,blaTEM-171,100.00,100.00
seq_2223,ColE1,99.83,100.00,blaTEM-116,100.00,100.00
seq_2252,ColE1,99.66,100.00,catA1,100.00,100.00
seq_2265,ColE1,99.66,100.00,blaTEM-116,100.00,100.00
seq_2279,ColE1,99.66,100.00,aph(3')-IIa,100.00,100.00
seq_2300,ColE1,99.66,100.00,blaTEM-116,100.00,100.00
seq_2301,ColE1,99.66,100.00,catA1,100.00,100.00
seq_2306,ColE1,99.66,100.00,blaTEM-116,100.00,100.00
seq_2308,ColE1,99.83,100.00,blaTEM-1,100.00,100.00
seq_2316,ColE1,99.83,100.00,aph(3')-Ia,100.00,100.00
seq_2347,ColE1,99.83,100.00,aph(3')-Ia,100.00,100.00
seq_2349,ColE1,99.66,100.00,blaTEM-116,100.00,100.00
seq_2364,ColE1,99.15,100.00,blaTEM-116,100.00,100.00
seq_2386,ColE1,99.83,100.00,blaTEM-116,100.00,100.00
seq_2388,ColE1,99.66,100.00,aph(3')-Ia,100.00,100.00
seq_2401,ColE1,99.83,100.00,aph(3')-Ia,100.00,100.00
seq_2414,ColE10_1__X01654,100.00,100.00,aph(3')-Ia,100.00,100.00
seq_2422,ColE1,99.83,100.00,blaTEM-1,100.00,100.00
seq_2436,ColE10_1__X01654,99.44,100.00,blaTEM-116,100.00,100.00
seq_2437,ColE1,99.83,100.00,blaTEM-116,100.00,100.00
seq_2447,ColE1,99.83,100.00,blaTEM-1,100.00,100.00
seq_245,ColE1,99.49,100.00,blaTEM-116,100.00,100.00
seq_2460,ColE10_1__X01654,100.00,100.00,aph(3')-IIa,100.00,100.00
seq_2470,ColE1,99.66,100.00,aac(3)-Ia,100.00,100.00
seq_2489,ColE1,99.66,100.00,blaTEM-116,100.00,100.00
seq_2490,ColE1,99.83,100.00,blaTEM-116,100.00,100.00
seq_2491,ColE1,99.83,100.00,blaTEM-116,100.00,100.00
seq_2498,ColE1,99.66,100.00,blaTEM-116,100.00,100.00
seq_2499,ColE1,99.66,100.00,blaTEM-116,100.00,100.00
seq_250,ColE1,99.83,100.00,blaTEM-171,100.00,100.00
seq_2505,ColE1,99.83,100.00,blaTEM-116,100.00,100.00
seq_252,ColE1,99.66,100.00,blaTEM-1,100.00,100.00
seq_2535,ColE1,99.83,100.00,blaTEM-181,100.00,100.00
seq_2545,ColE1,99.83,100.00,blaTEM-171,100.00,100.00
seq_2546,ColE1,99.66,100.00,blaTEM-116,100.00,100.00
seq_2555,ColE1,99.66,100.00,blaTEM-116,100.00,100.00
seq_2603,ColE1,99.83,100.00,blaTEM-181,100.00,100.00
seq_265,ColE1,99.83,100.00,blaTEM-1,100.00,100.00
seq_2680,ColE1,99.83,100.00,blaTEM-1,100.00,100.00
seq_2693,ColE10_1__X01654,100.00,100.00,aph(3')-IIa,100.00,100.00
seq_2705,ColE1,99.83,100.00,blaTEM-116,100.00,100.00
seq_2711,ColE1,99.83,100.00,aph(3')-Ia,100.00,100.00
seq_2753,ColE1,99.83,100.00,blaTEM-171,100.00,100.00
seq_2760,ColE1,99.83,100.00,blaTEM-1,100.00,100.00
seq_280,ColE1,99.83,100.00,aph(3')-Ia,100.00,100.00
seq_2886,ColE1,99.66,100.00,catA1,100.00,100.00
seq_2887,ColE1,99.66,100.00,blaTEM-116,100.00,100.00
seq_2895,ColE1,99.66,100.00,catA1,100.00,100.00
seq_2945,ColE1,99.66,100.00,blaTEM-116,100.00,100.00
seq_2995,ColE1,99.83,100.00,aph(3')-Ia,100.00,100.00
seq_300,ColE1,99.83,100.00,aph(3')-Ia,100.00,100.00
seq_3008,ColE1,99.83,100.00,blaTEM-116,100.00,100.00
seq_3017,ColE1,99.49,100.00,blaTEM-116,100.00,100.00
seq_303,ColE1,99.83,100.00,blaTEM-171,100.00,100.00
seq_3041,ColE1,99.83,100.00,blaTEM-171,100.00,100.00
seq_3044,ColE1,99.66,100.00,blaTEM-116,100.00,100.00
seq_3092,ColE1,99.66,100.00,aadA1,100.00,100.00
seq_3101,ColE1,99.83,100.00,aph(3')-Ia,100.00,100.00
seq_311,ColE1,99.83,100.00,blaTEM-171,100.00,100.00
seq_3143,ColE1,99.83,100.00,blaTEM-116,100.00,100.00
seq_316,ColE1,99.83,100.00,blaTEM-171,100.00,100.00
seq_319,ColE1,99.83,100.00,blaTEM-171,100.00,100.00
seq_3207,ColE1,99.83,100.00,blaTEM-181,100.00,100.00
seq_3212,ColE1,99.66,100.00,blaTEM-116,100.00,100.00
seq_3248,ColE1,99.66,100.00,blaTEM,100.00,100.00
seq_3250,ColE1,99.83,100.00,catA1,100.00,100.00
seq_326,ColE1,99.83,100.00,blaTEM-171,100.00,100.00
seq_3282,ColE1,99.83,100.00,blaTEM-1,100.00,100.00
seq_3296,ColE1,99.83,100.00,blaTEM-1,100.00,100.00
seq_33,ColE1,99.83,100.00,aph(3')-Ia,100.00,100.00
seq_3337,ColE1,99.83,100.00,blaTEM-1,100.00,100.00
seq_3338,ColE1,99.66,100.00,blaTEM-116,100.00,100.00
seq_335,ColE1,99.83,100.00,blaTEM-1,100.00,100.00
seq_3351,ColE1,99.83,100.00,blaTEM-1,100.00,100.00
seq_3352,ColE1,99.83,100.00,blaTEM-1,100.00,100.00
seq_3360,ColE1,99.66,100.00,blaTEM-116,100.00,100.00
seq_3363,ColE1,99.83,100.00,blaTEM-116,100.00,100.00
seq_3373,ColE1,99.66,100.00,aadA1,100.00,100.00
seq_3380,ColE1,99.66,100.00,catA1,100.00,100.00
seq_339,ColE1,99.66,100.00,blaTEM-116,100.00,100.00
seq_3406,ColE1,99.83,100.00,aph(3')-Ia,100.00,100.00
seq_3412,ColE1,99.66,100.00,aph(3')-Ia,100.00,100.00
seq_3429,ColE1,99.83,100.00,blaTEM-1,100.00,100.00
seq_3443,ColE1,99.83,100.00,aph(3')-Ia,100.00,100.00
seq_3449,ColE1,99.83,100.00,blaTEM-1,100.00,100.00
seq_345,ColE1,99.83,100.00,blaTEM-171,100.00,100.00
seq_3454,ColE1,99.66,100.00,catA1,100.00,100.00
seq_3463,ColE1,99.83,100.00,aph(3')-Ia,100.00,100.00
seq_3468,ColE1,99.83,100.00,blaTEM-1,100.00,100.00
seq_3475,ColE1,99.83,100.00,aph(3')-Ia,100.00,100.00
seq_349,ColE1,99.83,100.00,aph(3')-Ia,100.00,100.00
seq_3502,ColE1,99.83,100.00,aph(3')-Ia,100.00,100.00
seq_3503,ColE1,99.66,100.00,catA1,100.00,100.00
seq_3518,ColE1,99.49,100.00,blaTEM-1,100.00,100.00
seq_3519,ColE1,99.49,100.00,blaTEM-116,100.00,100.00
seq_3551,ColE1,99.66,100.00,catA1,100.00,100.00
seq_3578,ColE1,99.83,100.00,blaTEM-1,100.00,100.00
seq_36,ColE1,99.83,100.00,blaTEM-171,100.00,100.00
seq_3616,ColE1,99.66,100.00,blaTEM-116,100.00,100.00
seq_3641,ColE1,99.83,100.00,aph(3')-Ia,100.00,100.00
seq_3643,ColE1,99.83,100.00,blaTEM-1,100.00,100.00
seq_365,ColE1,99.83,100.00,blaTEM-181,100.00,100.00
seq_3681,ColE1,99.83,100.00,blaTEM-1,100.00,100.00
seq_3687,ColE1,99.66,100.00,catA1,100.00,100.00
seq_3716,ColE1,99.83,100.00,aph(3')-IIa,100.00,100.00
seq_3721,ColE1,99.83,100.00,blaTEM-1,100.00,100.00
seq_3741,ColE1,99.66,100.00,aph(3')-IIa,100.00,100.00
seq_3769,ColE10_1__X01654,100.00,100.00,blaTEM-116,100.00,100.00
seq_3771,ColE1,99.83,100.00,blaTEM-1,100.00,100.00
seq_3777,ColE1,99.83,100.00,blaTEM-1,100.00,100.00
seq_378,ColE1,99.83,100.00,blaTEM-1,100.00,100.00
seq_3780,ColE1,99.66,100.00,aph(3')-Ia,100.00,100.00
seq_3784,ColE1,99.83,100.00,aph(3')-Ia,100.00,100.00
seq_3790,ColE1,99.83,100.00,aph(3')-Ia,100.00,100.00
seq_3792,ColE1,99.66,100.00,blaTEM-116,100.00,100.00
seq_3795,ColE1,99.83,100.00,blaTEM-171,100.00,100.00
seq_3805,ColE1,99.66,100.00,blaTEM-116,100.00,100.00
seq_3810,ColE1,99.66,100.00,blaTEM-1,100.00,100.00
seq_383,ColE1,99.83,100.00,aph(3')-Ia,100.00,100.00
seq_3832,ColE1,99.49,100.00,aph(3')-IIa,100.00,100.00
seq_3833,ColE1,99.83,100.00,aph(3')-Ia,100.00,100.00
seq_384,ColE1,99.15,100.00,blaTEM-116,100.00,100.00
seq_3858,ColE1,99.83,100.00,aph(3')-Ia,100.00,100.00
seq_3879,ColE1,99.66,100.00,catA1,100.00,100.00
seq_3894,ColE1,99.83,100.00,aph(3')-Ia,100.00,100.00
seq_3900,ColE1,99.83,100.00,aph(3')-Ia,100.00,100.00
seq_3904,ColE1,99.83,100.00,blaTEM-1,100.00,100.00
seq_3909,ColE1,99.49,100.00,blaTEM-116,100.00,100.00
seq_3921,ColE1,99.66,100.00,catA1,100.00,100.00
seq_3922,ColE1,99.66,100.00,blaTEM-116,100.00,100.00
seq_3925,ColE1,99.83,100.00,blaTEM-116,100.00,100.00
seq_3929,ColE1,99.83,100.00,aph(3')-Ia,100.00,100.00
seq_393,ColE1,99.49,100.00,blaTEM-1,100.00,100.00
seq_3938,ColE1,99.66,100.00,blaTEM-1,100.00,100.00
seq_3944,ColE1,99.83,100.00,aph(3')-Ia,100.00,100.00
seq_3951,ColE1,99.83,100.00,blaTEM-116,100.00,100.00
seq_3956,ColE10_1__X01654,99.44,100.00,aph(3')-IIa,100.00,100.00
seq_3959,ColE1,99.83,100.00,aph(3')-Ia,100.00,100.00
seq_3962,ColE1,99.83,100.00,blaTEM-171,100.00,100.00
seq_3966,ColE1,99.83,100.00,aph(3')-Ia,100.00,100.00
seq_3967,ColE1,99.66,100.00,blaTEM-116,100.00,100.00
seq_3970,ColE1,99.83,100.00,blaTEM-171,100.00,100.00
seq_3979,ColE1,99.83,100.00,aph(3')-Ia,100.00,100.00
seq_3982,ColE1,99.83,100.00,blaTEM-171,100.00,100.00
seq_4000,ColE1,99.66,100.00,blaTEM-1,100.00,100.00
seq_4002,ColE1,99.83,100.00,blaTEM-181,100.00,100.00
seq_4003,ColE1,99.83,100.00,aph(3')-Ia,100.00,100.00
seq_401,ColE1,99.83,100.00,blaTEM-1,100.00,100.00
seq_4010,ColE1,99.66,100.00,catA1,100.00,100.00
seq_4012,ColE1,99.83,100.00,aph(3')-Ia,100.00,100.00
seq_4013,ColE1,99.66,100.00,blaTEM-116,100.00,100.00
seq_4017,ColE1,99.83,100.00,blaTEM-1,100.00,100.00
seq_4018,ColE1,99.83,100.00,blaTEM-171,100.00,100.00
seq_4029,ColE1,99.83,100.00,blaTEM-1,100.00,100.00
seq_4032,ColE1,99.66,100.00,blaTEM-116,100.00,100.00
seq_4033,ColE1,99.49,100.00,catA1,100.00,100.00
seq_404,ColE1,99.83,100.00,blaTEM-116,100.00,100.00
seq_4050,ColE1,99.83,100.00,aph(3')-Ia,100.00,100.00
seq_406,ColE1,99.49,100.00,blaTEM-116,100.00,100.00
seq_4063,ColE1,99.66,100.00,blaTEM-116,100.00,100.00
seq_4067,IncP1_1__BN000925,99.18,100.00,aph(3')-Ia,100.00,100.00
seq_4078,ColE1,99.83,100.00,aph(3')-Ia,100.00,100.00
seq_409,ColE1,99.66,100.00,blaTEM-116,100.00,100.00
seq_4091,ColE1,99.83,100.00,aph(3')-Ia,100.00,100.00
seq_4096,ColE1,99.66,100.00,blaTEM-1,100.00,100.00
seq_411,ColE1,99.66,100.00,blaTEM-116,100.00,100.00
seq_4118,ColE1,99.83,100.00,blaTEM-116,100.00,100.00
seq_4120,ColE1,99.66,100.00,blaTEM-116,100.00,100.00
seq_4127,ColE1,99.83,100.00,blaTEM-181,100.00,100.00
seq_4128,ColE1,99.83,100.00,blaTEM-1,100.00,100.00
seq_4136,ColE1,99.83,100.00,aph(3')-Ia,100.00,100.00
seq_4140,ColE1,99.83,100.00,blaTEM-171,100.00,100.00
seq_4144,ColE1,99.66,100.00,blaTEM-116,100.00,100.00
seq_4146,ColE1,99.83,100.00,blaTEM-116,100.00,100.00
seq_4152,ColE1,99.83,100.00,aph(3')-Ia,100.00,100.00
seq_4153,ColE1,99.66,100.00,aph(3')-Ia,100.00,100.00
seq_4160,ColE1,99.83,100.00,blaTEM-1,100.00,100.00
seq_4162,ColE1,99.83,100.00,blaTEM-171,100.00,100.00
seq_417,ColE1,99.83,100.00,blaTEM-1,100.00,100.00
seq_4177,ColE1,99.83,100.00,aph(3')-Ia,100.00,100.00
seq_4181,ColE1,99.66,100.00,blaTEM-116,100.00,100.00
seq_4197,ColE1,99.83,100.00,blaTEM-1,100.00,100.00
seq_4201,ColE1,99.83,100.00,blaTEM-181,100.00,100.00
seq_4212,ColE1,99.83,100.00,aph(3')-Ia,100.00,100.00
seq_4217,ColE1,99.83,100.00,blaTEM-171,100.00,100.00
seq_4221,ColE10_1__X01654,100.00,100.00,aph(3')-IIa,100.00,100.00
seq_4230,ColE1,99.83,100.00,aph(3')-IIa,100.00,100.00
seq_4241,ColE1,99.83,100.00,blaTEM-171,100.00,100.00
seq_4247,ColE1,99.83,100.00,aph(3')-Ia,100.00,100.00
seq_4248,ColE1,99.83,100.00,blaTEM-1,100.00,100.00
seq_425,ColE1,99.83,100.00,blaTEM-116,100.00,100.00
seq_4251,ColE1,99.66,100.00,catA1,100.00,100.00
seq_4253,ColE1,99.83,100.00,aph(3')-IIIa,100.00,100.00
seq_4273,ColE1,99.66,100.00,blaTEM-116,100.00,100.00
seq_4276,ColE1,99.83,100.00,blaTEM-116,100.00,100.00
seq_4280,ColE1,99.83,100.00,aph(3')-Ia,100.00,100.00
seq_4282,ColE1,99.83,100.00,aph(3')-Ia,100.00,100.00
seq_43,ColE10_1__X01654,100.00,100.00,aph(3')-Ia,100.00,100.00
seq_4301,ColE1,99.83,100.00,blaTEM-171,100.00,100.00
seq_4304,ColE1,99.83,100.00,blaTEM-1,100.00,100.00
seq_4306,ColE1,99.66,100.00,blaTEM-1,100.00,100.00
seq_4314,ColE1,99.66,100.00,blaTEM-116,100.00,100.00
seq_4315,ColE1,99.83,100.00,blaTEM-116,100.00,100.00
seq_4319,ColE1,99.83,100.00,aph(3')-Ia,100.00,100.00
seq_433,ColE1,99.66,100.00,blaTEM-1,100.00,100.00
seq_4335,ColE1,99.83,100.00,aph(3')-Ia,100.00,100.00
seq_4336,ColE1,99.66,100.00,catA1,100.00,100.00
seq_4351,ColE1,99.83,100.00,blaTEM-1,100.00,100.00
seq_4369,ColE1,99.83,100.00,blaTEM-1,100.00,100.00
seq_4374,ColE1,99.83,100.00,aph(3')-Ia,100.00,100.00
seq_4385,ColE1,99.83,100.00,aph(3')-Ia,100.00,100.00
seq_4390,ColE1,99.66,100.00,blaTEM-116,100.00,100.00
seq_4432,ColE1,99.83,100.00,aph(3')-Ia,100.00,100.00
seq_4434,ColE1,99.83,100.00,blaTEM-171,100.00,100.00
seq_4449,ColE1,99.83,100.00,blaTEM-171,100.00,100.00
seq_4455,ColE1,99.83,100.00,aph(3')-Ia,100.00,100.00
seq_4467,ColE1,99.83,100.00,blaTEM-1,100.00,100.00
seq_4480,ColE1,99.83,100.00,aph(3')-Ia,100.00,100.00
seq_4494,ColE1,99.66,100.00,blaTEM-116,100.00,100.00
seq_45,ColE1,99.83,100.00,blaTEM-1,100.00,100.00
seq_4506,ColE10_1__X01654,99.44,100.00,aph(3')-Ia,100.00,100.00
seq_4507,ColE1,99.83,100.00,aph(3')-Ia,100.00,100.00
seq_4520,ColE1,99.66,100.00,aadA1,100.00,100.00
seq_4543,ColE1,99.83,100.00,blaTEM-1,100.00,100.00
seq_455,ColE1,99.83,100.00,blaTEM-1,100.00,100.00
seq_4550,ColE1,99.83,100.00,aph(3')-Ia,100.00,100.00
seq_4551,ColE1,99.83,100.00,aph(3')-Ia,100.00,100.00
seq_4560,ColE1,99.83,100.00,blaTEM-1,100.00,100.00
seq_4568,ColE1,99.83,100.00,aph(3')-Ia,100.00,100.00
seq_4574,ColE1,99.83,100.00,blaTEM-171,100.00,100.00
seq_4581,ColE1,99.83,100.00,blaTEM-181,100.00,100.00
seq_4589,ColE1,99.66,100.00,blaTEM-116,100.00,100.00
seq_4596,ColE1,99.83,100.00,blaTEM-116,100.00,100.00
seq_4605,ColE1,99.66,100.00,blaTEM-181,100.00,100.00
seq_4614,ColE1,99.83,100.00,blaTEM-181,100.00,100.00
seq_4617,ColE1,99.83,100.00,blaTEM-1,100.00,100.00
seq_4628,ColE1,99.66,100.00,blaTEM-116,100.00,100.00
seq_463,ColE1,99.66,100.00,blaTEM-116,100.00,100.00
seq_4638,ColE1,99.83,100.00,blaTEM-171,100.00,100.00
seq_4639,ColE1,99.66,100.00,blaTEM-116,100.00,100.00
seq_4642,ColE1,99.83,100.00,blaTEM-171,100.00,100.00
seq_4647,ColE1,99.83,100.00,blaTEM-1,100.00,100.00
seq_4652,ColE1,99.66,100.00,aph(3')-Ia,100.00,100.00
seq_4656,ColE1,99.83,100.00,blaTEM-181,100.00,100.00
seq_4661,ColE1,99.66,100.00,blaTEM-116,100.00,100.00
seq_4663,ColE1,99.83,100.00,blaTEM-1,100.00,100.00
seq_4664,ColE1,99.66,100.00,blaTEM-116,100.00,100.00
seq_4668,ColE1,99.83,100.00,aph(3')-Ia,100.00,100.00
seq_4687,ColE1,99.83,100.00,blaTEM-1,100.00,100.00
seq_4697,ColE1,99.66,100.00,blaTEM-116,100.00,100.00
seq_4699,ColE1,99.83,100.00,blaTEM-1,100.00,100.00
seq_4703,IncP1_1__BN000925,99.45,100.00,aadA1,100.00,100.00
seq_4718,ColE1,99.83,100.00,blaTEM-171,100.00,100.00
seq_4736,ColE1,99.83,100.00,aph(3')-Ia,100.00,100.00
seq_4749,ColE1,99.66,100.00,blaTEM-116,100.00,100.00
seq_4754,ColE1,99.66,100.00,blaTEM-116,100.00,100.00
seq_4771,ColE1,99.83,100.00,blaTEM-1,100.00,100.00
seq_480,ColE1,99.83,100.00,blaTEM-1,100.00,100.00
seq_4800,ColE1,99.83,100.00,aph(3')-Ia,100.00,100.00
seq_4802,ColE1,99.66,100.00,aadA1,100.00,100.00
seq_4805,ColE1,99.83,100.00,blaTEM-1,100.00,100.00
seq_4813,ColE1,99.83,100.00,aph(3')-Ia,100.00,100.00
seq_4829,ColE10_1__X01654,99.44,100.00,aph(3')-IIa,100.00,100.00
seq_483,ColE1,99.83,100.00,aph(3')-Ia,100.00,100.00
seq_4834,ColE1,99.83,100.00,blaTEM-1,100.00,100.00
seq_4837,ColE1,99.83,100.00,aph(3')-Ia,100.00,100.00
seq_4847,ColE1,99.66,100.00,blaTEM-116,100.00,100.00
seq_4848,ColE1,99.83,100.00,aph(3')-Ia,100.00,100.00
seq_4849,ColE1,99.83,100.00,aph(3')-Ia,100.00,100.00
seq_4857,ColE1,99.83,100.00,aph(3')-Ia,100.00,100.00
seq_4863,ColE1,99.83,100.00,blaTEM-1,100.00,100.00
seq_4869,ColE1,99.83,100.00,aph(3')-Ia,100.00,100.00
seq_4879,ColE1,99.83,100.00,blaTEM-1,100.00,100.00
seq_4885,ColE1,99.83,100.00,aph(3')-Ia,100.00,100.00
seq_4893,ColE1,99.66,100.00,blaTEM-116,100.00,100.00
seq_49,ColE1,99.83,100.00,aph(3')-Ia,100.00,100.00
seq_4900,ColE1,99.83,100.00,aph(3')-Ia,100.00,100.00
seq_4905,ColE1,99.83,100.00,aph(3')-Ia,100.00,100.00
seq_4907,ColE1,99.66,100.00,catA1,100.00,100.00
seq_4910,ColE1,99.66,100.00,blaTEM-116,100.00,100.00
seq_4918,ColE1,99.83,100.00,blaTEM-1,100.00,100.00
seq_4926,ColE1,99.83,100.00,blaTEM-116,100.00,100.00
seq_4929,ColE1,99.66,100.00,blaTEM-1,100.00,100.00
seq_4934,ColE1,99.66,100.00,blaTEM-1,100.00,100.00
seq_4935,ColE1,99.83,100.00,blaTEM-1,100.00,100.00
seq_4939,ColE1,99.83,100.00,blaTEM-1,100.00,100.00
seq_4942,ColE1,99.66,100.00,catA1,100.00,100.00
seq_4952,ColE1,99.83,100.00,blaTEM-1,100.00,100.00
seq_4955,IncP1_1__BN000925,99.45,100.00,aadA1,100.00,100.00
seq_4959,ColE1,99.83,100.00,aph(3')-Ia,100.00,100.00
seq_496,ColE1,99.83,100.00,blaTEM-1,100.00,100.00
seq_4964,ColE1,99.83,100.00,blaTEM-1,100.00,100.00
seq_4971,ColE1,99.83,100.00,aph(3')-Ia,100.00,100.00
seq_4975,ColE1,99.83,100.00,aph(3')-Ia,100.00,100.00
seq_4987,ColE1,99.83,100.00,aph(3')-Ia,100.00,100.00
seq_4993,ColE1,99.83,100.00,blaTEM-1,100.00,100.00
seq_500,ColE1,99.66,100.00,catA1,100.00,100.00
seq_5001,ColE1,99.83,100.00,blaTEM-171,100.00,100.00
seq_5003,ColE1,99.66,100.00,blaTEM-116,100.00,100.00
seq_5015,ColE1,99.66,100.00,blaTEM-116,100.00,100.00
seq_5017,ColE1,99.66,100.00,blaTEM-116,100.00,100.00
seq_5026,ColE1,99.83,100.00,blaTEM-171,100.00,100.00
seq_504,ColE1,99.83,100.00,blaTEM-1,100.00,100.00
seq_5045,ColE1,99.83,100.00,blaTEM-171,100.00,100.00
seq_5051,ColE1,99.83,100.00,aph(3')-Ia,100.00,100.00
seq_5059,ColE1,99.83,100.00,blaTEM-1,100.00,100.00
seq_5062,ColE1,99.83,100.00,blaTEM-1,100.00,100.00
seq_5067,ColE1,99.83,100.00,blaTEM-1,100.00,100.00
seq_5071,ColE1,99.83,100.00,blaTEM-181,100.00,100.00
seq_5072,ColE1,99.66,100.00,blaTEM-116,100.00,100.00
seq_5095,ColE1,99.49,100.00,blaTEM-116,100.00,100.00
seq_5098,ColE1,99.83,100.00,blaTEM-171,100.00,100.00
seq_5099,ColE1,99.66,100.00,blaTEM-116,100.00,100.00
seq_5114,ColE1,99.83,100.00,blaTEM-171,100.00,100.00
seq_5115,ColE1,99.83,100.00,blaTEM-1,100.00,100.00
seq_512,ColE1,99.83,100.00,blaTEM-1,100.00,100.00
seq_5120,ColE1,99.83,100.00,blaTEM-116,100.00,100.00
seq_5130,ColE1,99.83,100.00,blaTEM-1,100.00,100.00
seq_5140,ColE1,99.83,100.00,blaTEM-1,100.00,100.00
seq_5148,ColE1,99.83,100.00,blaTEM-1,100.00,100.00
seq_5149,ColE1,99.83,100.00,blaTEM-116,100.00,100.00
seq_5153,ColE1,99.83,100.00,aph(3')-Ia,100.00,100.00
seq_5179,ColE1,99.83,100.00,blaTEM-181,100.00,100.00
seq_5182,ColE1,99.66,100.00,blaTEM-116,100.00,100.00
seq_5183,ColE1,99.83,100.00,aph(3')-Ia,100.00,100.00
seq_5187,ColE1,99.66,100.00,blaTEM-116,100.00,100.00
seq_5192,ColE1,99.83,100.00,aph(3')-Ia,100.00,100.00
seq_5197,ColE1,99.83,100.00,blaTEM-1,100.00,100.00
seq_5200,ColE1,99.66,100.00,blaTEM-116,100.00,100.00
seq_5210,ColE1,99.83,100.00,aph(3')-Ia,100.00,100.00
seq_5213,ColE1,99.66,100.00,catA1,100.00,100.00
seq_5216,ColE1,99.83,100.00,blaTEM-1,100.00,100.00
seq_5240,ColE1,99.66,100.00,blaTEM-116,100.00,100.00
seq_5241,ColE1,99.49,100.00,catA1,100.00,100.00
seq_5247,ColE1,99.66,100.00,blaTEM-116,100.00,100.00
seq_5248,ColE1,99.83,100.00,aph(3')-Ia,100.00,100.00
seq_5253,ColE1,99.66,100.00,blaTEM-116,100.00,100.00
seq_5255,ColE1,99.83,100.00,aph(3')-Ia,100.00,100.00
seq_5258,ColE1,99.83,100.00,blaTEM-171,100.00,100.00
seq_526,ColE1,99.83,100.00,blaTEM-1,100.00,100.00
seq_5266,ColE1,99.49,100.00,blaTEM-116,100.00,100.00
seq_5275,ColE1,99.83,100.00,aph(3')-Ia,100.00,100.00
seq_5292,ColE1,99.66,100.00,blaTEM-116,100.00,100.00
seq_5294,ColE1,99.66,99.32,aadA1,100.00,100.00
seq_5301,ColE1,99.83,100.00,aph(3')-Ia,100.00,100.00
seq_5304,ColE1,99.83,100.00,blaTEM-171,100.00,100.00
seq_5315,ColE1,99.66,100.00,aph(3')-Ia,100.00,100.00
seq_5318,ColE1,99.83,100.00,aph(3')-Ia,100.00,100.00
seq_5323,ColE1,99.83,100.00,blaTEM-1,100.00,100.00
seq_5345,ColE1,99.15,100.00,blaTEM-116,100.00,100.00
seq_5354,ColE1,99.83,100.00,blaTEM-1,100.00,100.00
seq_5363,ColE1,99.83,100.00,blaTEM-171,100.00,100.00
seq_5369,ColE1,99.83,100.00,aph(3')-Ia,100.00,100.00
seq_5372,ColE10_1__X01654,100.00,100.00,blaTEM-116,100.00,100.00
seq_5382,ColE1,99.83,100.00,aph(3')-Ia,100.00,100.00
seq_5396,ColE1,99.83,100.00,blaTEM-1,100.00,100.00
seq_5415,ColE1,99.83,100.00,aph(3')-Ia,100.00,100.00
seq_5417,ColE1,99.66,100.00,blaTEM-116,100.00,100.00
seq_5430,ColE1,99.66,100.00,blaTEM-116,100.00,100.00
seq_5433,ColE1,99.83,100.00,blaTEM-1,100.00,100.00
seq_5443,ColE1,99.83,100.00,aph(3')-Ia,100.00,100.00
seq_5448,ColE1,99.83,100.00,blaTEM-116,100.00,100.00
seq_5449,ColE1,99.66,100.00,blaTEM-116,100.00,100.00
seq_5452,ColE1,99.66,100.00,blaTEM-1,100.00,100.00
seq_5465,ColE1,99.83,100.00,blaTEM-1,100.00,100.00
seq_5467,ColE1,99.83,100.00,blaTEM-1,100.00,100.00
seq_5468,ColE1,99.66,100.00,blaTEM-116,100.00,100.00
seq_5479,ColE1,99.83,100.00,blaTEM-1,100.00,100.00
seq_5484,ColE1,99.66,100.00,blaTEM-116,100.00,100.00
seq_5488,ColE1,99.83,100.00,aph(3')-Ia,100.00,100.00
seq_549,ColE1,99.66,100.00,blaTEM-116,100.00,100.00
seq_5532,ColE1,99.66,100.00,blaTEM-116,100.00,100.00
seq_5536,ColE1,99.49,100.00,blaTEM-116,100.00,100.00
seq_5561,ColE1,99.83,100.00,aph(3')-Ia,100.00,100.00
seq_5564,ColE1,99.66,100.00,blaTEM-116,100.00,100.00
seq_5566,ColE1,99.83,100.00,blaTEM-171,100.00,100.00
seq_5569,ColE1,99.83,100.00,blaTEM-1,100.00,100.00
seq_5572,ColE1,99.83,100.00,aph(3')-Ia,100.00,100.00
seq_5574,ColE1,99.83,100.00,aph(3')-Ia,100.00,100.00
seq_5575,ColE1,99.83,100.00,aph(3')-IIa,100.00,100.00
seq_5577,ColE1,99.83,100.00,aph(3')-Ia,100.00,100.00
seq_558,ColE1,99.66,100.00,blaTEM-116,100.00,100.00
seq_5581,ColE1,99.66,100.00,blaTEM-116,100.00,100.00
seq_5614,ColE1,99.66,100.00,blaTEM-116,100.00,100.00
seq_5616,ColE1,99.66,100.00,blaTEM-116,100.00,100.00
seq_5621,ColE1,99.83,100.00,aph(3')-Ia,100.00,100.00
seq_5626,ColE1,99.49,100.00,blaTEM-116,100.00,100.00
seq_5629,ColE1,99.83,100.00,aph(3')-Ia,100.00,100.00
seq_5633,ColE1,99.83,100.00,blaTEM-1,100.00,100.00
seq_5640,ColE1,99.83,100.00,blaTEM-171,100.00,100.00
seq_5643,ColE1,99.83,100.00,aph(3')-Ia,100.00,100.00
seq_5646,ColE1,99.83,100.00,aph(3')-Ia,100.00,100.00
seq_565,ColE1,99.83,100.00,blaTEM-171,100.00,100.00
seq_5651,ColE1,99.83,100.00,blaTEM-1,100.00,100.00
seq_5652,ColE1,99.83,100.00,blaTEM-1,100.00,100.00
seq_5653,ColE10_1__X01654,100.00,100.00,aph(3')-Ia,100.00,100.00
seq_5656,ColE1,99.49,100.00,blaTEM-116,100.00,100.00
seq_5659,ColE1,99.66,100.00,catA1,100.00,100.00
seq_5662,ColE1,99.83,100.00,aph(3')-Ia,100.00,100.00
seq_568,ColE1,99.83,100.00,aph(3')-Ia,100.00,100.00
seq_5694,ColE1,99.66,100.00,blaTEM-116,100.00,100.00
seq_5700,ColE1,99.83,100.00,blaTEM-1,100.00,100.00
seq_5706,ColE1,99.49,100.00,blaTEM-116,100.00,100.00
seq_572,ColE1,99.83,100.00,blaTEM-116,100.00,100.00
seq_5744,ColE1,99.15,100.00,blaTEM-116,100.00,100.00
seq_5746,ColE10_1__X01654,100.00,100.00,aph(3')-IIa,100.00,100.00
seq_5750,ColE1,99.83,100.00,aph(3')-Ia,100.00,100.00
seq_5752,ColE1,99.83,100.00,blaTEM-171,100.00,100.00
seq_5761,ColE1,99.66,100.00,blaTEM-116,100.00,100.00
seq_5769,ColE1,99.66,100.00,blaTEM-1,100.00,100.00
seq_577,ColE1,99.66,100.00,blaTEM-116,100.00,100.00
seq_5770,ColE1,99.66,100.00,blaTEM-116,100.00,100.00
seq_5775,ColE1,99.83,100.00,blaTEM-1,100.00,100.00
seq_5778,ColE1,99.83,100.00,blaTEM-171,100.00,100.00
seq_579,ColE1,99.83,100.00,blaTEM-1,100.00,100.00
seq_5801,ColE1,99.83,100.00,blaTEM-171,100.00,100.00
seq_5808,ColE1,99.83,100.00,aph(3')-Ia,100.00,100.00
seq_5814,ColE1,99.66,100.00,aph(3')-Ia,100.00,100.00
seq_5823,ColE1,99.66,100.00,aph(3')-Ia,100.00,100.00
seq_5829,ColE1,99.83,100.00,blaTEM-1,100.00,100.00
seq_5831,ColE1,99.83,100.00,aph(3')-Ia,100.00,100.00
seq_5840,ColE1,99.83,100.00,blaTEM-1,100.00,100.00
seq_5841,ColE1,99.66,100.00,aph(3')-Ia,100.00,100.00
seq_5858,ColE1,99.83,100.00,aph(3')-Ia,100.00,100.00
seq_5859,ColE1,99.66,100.00,blaTEM-116,100.00,100.00
seq_5864,ColE1,99.83,100.00,aph(3')-Ia,100.00,100.00
seq_5871,ColE1,99.83,100.00,blaTEM-116,100.00,100.00
seq_5879,ColE1,99.83,100.00,blaTEM-171,100.00,100.00
seq_5884,ColE1,99.83,100.00,aph(3')-Ia,100.00,100.00
seq_5891,ColE1,99.83,100.00,blaTEM-1,100.00,100.00
seq_5898,ColE1,99.83,100.00,aph(3')-Ia,100.00,100.00
seq_590,ColE1,99.83,100.00,blaTEM-1,100.00,100.00
seq_5904,ColE1,99.15,100.00,blaTEM-116,100.00,100.00
seq_5905,ColE1,99.66,100.00,blaTEM-116,100.00,100.00
seq_591,ColE1,99.83,100.00,aph(3')-Ia,100.00,100.00
seq_5923,ColE1,99.83,100.00,blaTEM-181,100.00,100.00
seq_5924,ColE1,99.83,100.00,aph(3')-Ia,100.00,100.00
seq_5927,ColE1,99.83,100.00,aph(3')-Ia,100.00,100.00
seq_5932,ColE1,99.83,100.00,aph(3')-Ia,100.00,100.00
seq_5934,ColE1,99.66,100.00,blaTEM-1,100.00,100.00
seq_5951,ColE1,99.83,100.00,blaTEM-1,100.00,100.00
seq_5952,ColE1,99.66,100.00,blaTEM-1,100.00,100.00
seq_5961,ColE1,99.83,100.00,aph(3')-Ia,100.00,100.00
seq_5964,ColE1,99.66,100.00,blaTEM-116,100.00,100.00
seq_5969,ColE1,99.83,100.00,blaTEM-116,100.00,100.00
seq_597,ColE1,99.49,100.00,aadA1,100.00,100.00
seq_598,ColE1,99.83,100.00,blaTEM-1,100.00,100.00
seq_5986,ColE1,99.83,100.00,aph(3')-Ia,100.00,100.00
seq_5990,ColE1,99.83,100.00,blaTEM-1,100.00,100.00
seq_5991,ColE1,99.83,100.00,aph(3')-Ia,100.00,100.00
seq_5996,ColE1,99.66,100.00,blaTEM-116,100.00,100.00
seq_6001,ColE1,99.83,100.00,blaTEM-116,100.00,100.00
seq_6024,ColE1,99.66,100.00,blaTEM-116,100.00,100.00
seq_6025,ColE1,99.83,100.00,aph(3')-Ia,100.00,100.00
seq_6044,ColE1,99.83,100.00,blaTEM-1,100.00,100.00
seq_6054,ColE1,99.83,100.00,blaTEM-1,100.00,100.00
seq_6060,ColE1,99.83,100.00,aph(3')-Ia,100.00,100.00
seq_6062,ColE1,99.83,100.00,blaTEM-1,100.00,100.00
seq_6072,ColE1,99.83,100.00,blaTEM-181,100.00,100.00
seq_6079,ColE1,99.66,100.00,blaTEM-116,100.00,100.00
seq_6082,ColE1,99.66,100.00,catA1,100.00,100.00
seq_6084,ColE1,99.83,100.00,blaTEM-116,100.00,100.00
seq_6095,ColE1,99.83,100.00,aph(3')-Ia,100.00,100.00
seq_6099,ColE1,99.83,100.00,aph(3')-Ia,100.00,100.00
seq_6111,ColE1,99.83,100.00,aph(3')-Ia,100.00,100.00
seq_6112,ColE1,99.83,100.00,blaTEM-171,100.00,100.00
seq_6114,ColE1,99.66,100.00,blaTEM-116,100.00,100.00
seq_6124,ColE1,99.83,100.00,aph(3')-Ia,100.00,100.00
seq_6142,ColE1,99.66,100.00,blaTEM-116,100.00,100.00
seq_6157,ColE1,99.83,100.00,aph(3')-Ia,100.00,100.00
seq_6158,ColE1,99.83,100.00,aph(3')-Ia,100.00,100.00
seq_6164,ColE1,99.83,100.00,blaTEM-1,100.00,100.00
seq_6168,ColE1,99.66,100.00,blaTEM-116,100.00,100.00
seq_617,ColE1,99.83,100.00,blaTEM-171,100.00,100.00
seq_6170,ColE1,99.83,100.00,blaTEM-1,100.00,100.00
seq_6172,ColE1,99.66,100.00,blaTEM-116,100.00,100.00
seq_6196,ColE1,99.49,100.00,blaTEM-116,100.00,100.00
seq_6207,ColE1,99.83,100.00,aph(3')-Ia,100.00,100.00
seq_621,ColE1,99.83,100.00,aph(3')-Ia,100.00,100.00
seq_6213,ColE1,99.83,100.00,blaTEM-1,100.00,100.00
seq_6216,ColE1,99.83,100.00,aph(3')-Ia,100.00,100.00
seq_6227,ColE1,99.66,100.00,blaTEM-116,100.00,100.00
seq_6230,ColE1,99.83,100.00,blaTEM-171,100.00,100.00
seq_6235,ColE1,99.83,100.00,blaTEM-1,100.00,100.00
seq_6240,ColE1,99.83,100.00,blaTEM-171,100.00,100.00
seq_6250,ColE1,99.83,100.00,blaTEM-171,100.00,100.00
seq_6256,ColE1,99.83,100.00,aph(3')-Ia,100.00,100.00
seq_6257,ColE1,99.83,100.00,aph(3')-IIa,100.00,100.00
seq_6260,ColE1,99.49,100.00,catA1,100.00,100.00
seq_6263,ColE1,99.49,100.00,blaTEM-116,100.00,100.00
seq_6264,ColE1,99.83,100.00,blaTEM-116,100.00,100.00
seq_6273,ColE1,99.83,100.00,aph(3')-Ia,100.00,100.00
seq_6278,ColE1,99.83,100.00,aph(3')-Ia,100.00,100.00
seq_6287,ColE1,99.66,100.00,blaTEM-116,100.00,100.00
seq_629,ColE1,99.83,100.00,blaTEM-181,100.00,100.00
seq_6291,ColE1,99.66,100.00,blaTEM-116,100.00,100.00
seq_6297,ColE1,99.49,100.00,blaTEM-116,100.00,100.00
seq_6298,ColE1,99.66,100.00,blaTEM-116,100.00,100.00
seq_6304,ColE1,99.83,100.00,blaTEM-1,100.00,100.00
seq_6329,ColE1,99.66,100.00,catA1,100.00,100.00
seq_6334,ColE1,99.66,100.00,blaTEM-116,100.00,100.00
seq_6340,ColE1,99.66,100.00,blaTEM-116,100.00,100.00
seq_6343,ColE1,99.66,100.00,blaTEM-116,100.00,100.00
seq_6348,ColE1,99.83,100.00,aph(3')-Ia,100.00,100.00
seq_6356,ColE1,99.83,100.00,aph(3')-Ia,100.00,100.00
seq_6362,ColE1,99.83,100.00,aph(3')-Ia,100.00,100.00
seq_639,ColE1,99.83,100.00,blaTEM-116,100.00,100.00
seq_6395,ColE1,99.83,100.00,blaTEM-1,100.00,100.00
seq_6402,ColE1,99.83,100.00,blaTEM-1,100.00,100.00
seq_6408,IncP1_1__BN000925,99.45,100.00,aadA1,100.00,100.00
seq_6411,ColE1,99.83,100.00,aph(3')-Ia,100.00,100.00
seq_6413,ColE10_1__X01654,99.44,100.00,blaTEM-116,100.00,100.00
seq_6416,ColE1,99.83,100.00,blaTEM-116,100.00,100.00
seq_6420,ColE1,99.83,100.00,aph(3')-Ia,100.00,100.00
seq_6423,ColE1,99.83,100.00,blaTEM-116,100.00,100.00
seq_6427,ColE1,99.83,100.00,aph(3')-Ia,100.00,100.00
seq_6428,ColE1,99.83,100.00,blaTEM-1,100.00,100.00
seq_6433,ColE1,99.66,100.00,blaTEM-116,100.00,100.00
seq_6435,ColE1,99.83,100.00,blaTEM-1,100.00,100.00
seq_6437,ColE1,99.83,100.00,aph(3')-Ia,100.00,100.00
seq_6439,ColE1,99.83,100.00,blaTEM-1,100.00,100.00
seq_6440,ColE1,99.83,100.00,blaTEM-171,100.00,100.00
seq_6444,ColE1,99.83,100.00,aph(3')-Ia,100.00,100.00
seq_6447,ColE1,99.83,100.00,blaTEM-1,100.00,100.00
seq_645,ColE1,99.83,100.00,blaTEM-181,100.00,100.00
seq_6450,ColE1,99.66,100.00,blaTEM-116,100.00,100.00
seq_6451,ColE1,99.66,100.00,blaTEM-116,100.00,100.00
seq_6464,ColE1,99.83,100.00,blaTEM-116,100.00,100.00
seq_6471,ColE1,99.83,100.00,blaTEM-116,100.00,100.00
seq_6479,ColE1,99.66,100.00,blaTEM-116,100.00,100.00
seq_6483,ColE1,99.83,100.00,aph(3')-Ia,100.00,100.00
seq_6491,ColE1,99.66,100.00,aph(3')-Ia,100.00,100.00
seq_6493,ColE1,99.66,100.00,blaTEM-116,100.00,100.00
seq_6505,ColE1,99.83,100.00,aph(3')-Ia,100.00,100.00
seq_6516,ColE1,99.83,100.00,aph(3')-Ia,100.00,100.00
seq_6533,ColE1,99.83,100.00,blaTEM-116,100.00,100.00
seq_6534,ColE1,99.83,100.00,blaTEM-171,100.00,100.00
seq_6543,ColE1,99.83,100.00,blaTEM-171,100.00,100.00
seq_6546,IncP1_1__BN000925,99.18,100.00,aph(3')-Ia,100.00,100.00
seq_6551,ColE1,99.66,100.00,blaTEM-116,100.00,100.00
seq_6553,ColE1,99.66,100.00,blaTEM-116,100.00,100.00
seq_6564,ColE1,99.83,100.00,aph(3')-Ia,100.00,100.00
seq_6572,ColE1,99.83,100.00,blaTEM-116,100.00,100.00
seq_6573,ColE1,99.83,100.00,blaTEM-116,100.00,100.00
seq_658,ColE1,99.83,100.00,blaTEM-1,100.00,100.00
seq_6585,ColE1,99.83,100.00,blaTEM-1,100.00,100.00
seq_6586,ColE1,99.83,100.00,aph(3')-Ia,100.00,100.00
seq_6588,ColE1,99.83,100.00,blaTEM-1,100.00,100.00
seq_6603,ColE10_1__X01654,100.00,100.00,catA1,100.00,100.00
seq_6619,ColE1,99.83,100.00,blaTEM-116,100.00,100.00
seq_6620,ColE1,99.83,100.00,blaTEM-116,100.00,100.00
seq_6624,ColE1,99.83,100.00,aph(3')-Ia,100.00,100.00
seq_6626,ColE1,99.83,100.00,blaTEM-1,100.00,100.00
seq_6635,ColE1,99.83,100.00,blaTEM-1,100.00,100.00
seq_6636,ColE1,99.83,100.00,aph(3')-Ia,100.00,100.00
seq_6659,ColE1,99.83,100.00,blaTEM-116,100.00,100.00
seq_666,ColE1,99.49,100.00,blaTEM-116,100.00,100.00
seq_6667,ColE1,99.83,100.00,blaTEM-181,100.00,100.00
seq_6668,ColE1,99.83,100.00,blaTEM-116,100.00,100.00
seq_6689,ColE1,99.83,100.00,blaTEM-1,100.00,100.00
seq_6690,ColE1,99.83,100.00,blaTEM-116,100.00,100.00
seq_6691,ColE1,99.83,100.00,aph(3')-Ia,100.00,100.00
seq_6693,ColE1,99.83,100.00,blaTEM-181,100.00,100.00
seq_6696,ColE1,99.83,100.00,blaTEM-171,100.00,100.00
seq_670,ColE1,99.83,100.00,blaTEM-1,100.00,100.00
seq_6705,ColE1,99.66,100.00,aadA1,100.00,100.00
seq_6706,ColE1,99.83,100.00,aph(3')-Ia,100.00,100.00
seq_6712,ColE10_1__X01654,100.00,100.00,aph(3')-IIa,100.00,100.00
seq_6716,ColE1,99.66,100.00,blaTEM-116,100.00,100.00
seq_6731,ColE1,99.83,100.00,blaTEM-171,100.00,100.00
seq_6752,ColE1,99.83,100.00,aph(3')-Ia,100.00,100.00
seq_6759,ColE1,99.66,100.00,blaTEM-116,100.00,100.00
seq_6765,ColE1,99.49,100.00,blaTEM-116,100.00,100.00
seq_6766,ColE1,99.66,100.00,blaTEM-116,100.00,100.00
seq_6768,ColE1,99.66,100.00,blaTEM-116,100.00,100.00
seq_6771,ColE1,99.83,100.00,aph(3')-Ia,100.00,100.00
seq_6774,ColE1,99.83,100.00,blaTEM-171,100.00,100.00
seq_6777,ColE1,99.83,100.00,blaTEM-1,100.00,100.00
seq_6782,ColE1,99.83,100.00,aph(3')-Ia,100.00,100.00
seq_6783,ColE10_1__X01654,99.44,100.00,aph(3')-IIa,100.00,100.00
seq_6789,ColE1,99.83,100.00,blaTEM-1,100.00,100.00
seq_6801,ColE1,99.83,100.00,aph(3')-Ia,100.00,100.00
seq_6803,ColE1,99.83,100.00,blaTEM-171,100.00,100.00
seq_6806,ColE10_1__X01654,99.44,100.00,blaTEM-116,100.00,100.00
seq_6812,ColE1,99.66,100.00,blaTEM-116,100.00,100.00
seq_6826,ColE1,99.83,100.00,blaTEM-171,100.00,100.00
seq_6834,ColE1,99.83,100.00,aph(3')-Ia,100.00,100.00
seq_6838,ColE1,99.83,100.00,blaTEM-171,100.00,100.00
seq_6841,ColE1,99.83,100.00,blaTEM-171,100.00,100.00
seq_6842,ColE1,99.66,100.00,blaTEM-116,100.00,100.00
seq_6844,ColE1,99.83,100.00,blaTEM-171,100.00,100.00
seq_6853,ColE10_1__X01654,99.44,100.00,aph(3')-IIa,100.00,100.00
seq_6857,ColE1,99.49,100.00,blaTEM-116,100.00,100.00
seq_686,ColE1,99.83,100.00,blaTEM-171,100.00,100.00
seq_6860,ColE1,99.49,100.00,blaTEM-116,100.00,100.00
seq_6863,ColE1,99.83,100.00,blaTEM-171,100.00,100.00
seq_6873,ColE1,99.66,100.00,blaTEM-116,100.00,100.00
seq_6887,ColE1,99.83,100.00,aph(3')-Ia,100.00,100.00
seq_689,ColE1,99.83,100.00,aph(3')-Ia,100.00,100.00
seq_6896,ColE1,99.66,100.00,blaTEM-116,100.00,100.00
seq_6899,ColE10_1__X01654,99.44,100.00,blaTEM-116,100.00,100.00
seq_69,ColE1,99.83,100.00,blaTEM-171,100.00,100.00
seq_690,ColE1,99.66,100.00,catA1,100.00,100.00
seq_6922,ColE1,99.83,100.00,aph(3')-Ia,100.00,100.00
seq_6926,ColE1,99.83,100.00,aph(3')-Ia,100.00,100.00
seq_6928,ColE1,99.83,100.00,blaTEM-1,100.00,100.00
seq_6931,ColE1,99.83,100.00,blaTEM-116,100.00,100.00
seq_6936,ColE1,99.83,100.00,blaTEM-1,100.00,100.00
seq_6937,ColE1,99.83,100.00,blaTEM-116,100.00,100.00
seq_6946,ColE1,99.83,100.00,blaTEM-1,100.00,100.00
seq_6947,ColE1,99.66,100.00,blaTEM-116,100.00,100.00
seq_6952,ColE1,99.66,100.00,blaTEM-116,100.00,100.00
seq_6953,ColE1,99.66,100.00,blaTEM-116,100.00,100.00
seq_6954,ColE1,99.83,100.00,aph(3')-Ia,100.00,100.00
seq_6961,ColE1,99.83,100.00,aph(3')-Ia,100.00,100.00
seq_6970,ColE1,99.83,100.00,aph(3')-Ia,100.00,100.00
seq_6972,ColE1,99.83,100.00,blaTEM-1,100.00,100.00
seq_698,ColE1,99.83,100.00,aph(3')-Ia,100.00,100.00
seq_6981,ColE1,99.83,100.00,blaTEM-1,100.00,100.00
seq_6985,ColE1,99.83,100.00,blaTEM-181,100.00,100.00
seq_6988,ColE10_1__X01654,99.44,100.00,aph(3')-IIa,100.00,100.00
seq_6999,ColE1,99.66,100.00,catA1,100.00,100.00
seq_700,ColE1,99.66,100.00,blaTEM-116,100.00,100.00
seq_7002,ColE1,99.83,100.00,blaTEM-1,100.00,100.00
seq_7014,ColE1,99.83,100.00,blaTEM-1,100.00,100.00
seq_7019,ColE1,99.83,100.00,aph(3')-Ia,100.00,100.00
seq_702,ColE1,99.83,100.00,aph(3')-Ia,100.00,100.00
seq_7035,ColE1,99.83,100.00,blaTEM-1,100.00,100.00
seq_7036,ColE1,99.83,100.00,blaTEM-1,100.00,100.00
seq_7037,ColE1,99.83,100.00,blaTEM-171,100.00,100.00
seq_7054,ColE1,99.66,100.00,catA1,100.00,100.00
seq_7066,ColE1,99.83,100.00,blaTEM-1,100.00,100.00
seq_7072,ColE1,99.83,100.00,aph(3')-Ia,100.00,100.00
seq_709,ColE1,99.83,100.00,blaTEM-1,100.00,100.00
seq_7105,ColE1,99.83,100.00,blaTEM-1,100.00,100.00
seq_7111,ColE1,99.83,100.00,aph(3')-Ia,100.00,100.00
seq_7114,ColE1,99.83,100.00,blaTEM-171,100.00,100.00
seq_7116,ColE1,99.83,100.00,blaTEM-1,100.00,100.00
seq_7117,ColE1,99.49,100.00,blaTEM-116,100.00,100.00
seq_7118,ColE1,99.83,100.00,blaTEM-171,100.00,100.00
seq_7122,ColE1,99.83,100.00,aph(3')-Ia,100.00,100.00
seq_7132,ColE1,99.83,100.00,aph(3')-Ia,100.00,100.00
seq_7135,ColE1,99.83,100.00,blaTEM-171,100.00,100.00
seq_7136,ColE1,99.66,100.00,catA1,100.00,100.00
seq_7140,ColE1,99.66,100.00,blaTEM-116,100.00,100.00
seq_7142,ColE1,99.66,100.00,blaTEM-116,100.00,100.00
seq_7145,ColE1,99.83,100.00,aph(3')-Ia,100.00,100.00
seq_7150,ColE1,99.66,100.00,aadA1,100.00,100.00
seq_7153,ColE1,99.83,100.00,blaTEM-1,100.00,100.00
seq_7155,ColE1,99.83,100.00,aph(3')-Ia,100.00,100.00
seq_7169,ColE1,99.15,100.00,blaTEM-116,100.00,100.00
seq_7170,ColE1,99.83,100.00,aph(3')-Ia,100.00,100.00
seq_7172,ColE1,99.83,100.00,blaTEM-181,100.00,100.00
seq_7177,ColE1,99.83,100.00,aph(3')-Ia,100.00,100.00
seq_7181,ColE1,99.66,100.00,blaTEM-116,100.00,100.00
seq_7182,ColE1,99.66,100.00,blaTEM-116,100.00,100.00
seq_7188,ColE1,99.83,100.00,blaTEM-1,100.00,100.00
seq_7198,ColE1,99.83,100.00,aph(3')-Ia,100.00,100.00
seq_72,ColE1,99.66,100.00,blaTEM-116,100.00,100.00
seq_7203,ColE1,99.83,100.00,blaTEM-171,100.00,100.00
seq_7206,ColE1,99.83,100.00,aadA1,100.00,100.00
seq_7215,ColE1,99.66,100.00,blaTEM-116,100.00,100.00
seq_7223,ColE1,99.66,100.00,blaTEM-181,100.00,100.00
seq_7227,ColE1,99.66,100.00,blaTEM-116,100.00,100.00
seq_7229,ColE1,99.83,100.00,aph(3')-Ia,100.00,100.00
seq_7231,ColE1,99.49,100.00,catA1,100.00,100.00
seq_7233,ColE1,99.83,100.00,blaTEM-116,100.00,100.00
seq_7237,ColE1,99.83,100.00,blaTEM-171,100.00,100.00
seq_7248,ColE1,99.66,100.00,blaTEM-116,100.00,100.00
seq_7268,ColE1,99.83,100.00,aph(3')-Ia,100.00,100.00
seq_7275,ColE1,99.83,100.00,blaTEM-1,100.00,100.00
seq_7279,ColE1,99.49,100.00,catA1,100.00,100.00
seq_7282,ColE1,99.66,100.00,catA1,100.00,100.00
seq_7287,ColE1,99.66,100.00,blaTEM-116,100.00,100.00
seq_7288,ColE1,99.83,100.00,aph(3')-Ia,100.00,100.00
seq_7290,ColE1,99.83,100.00,blaTEM-1,100.00,100.00
seq_7298,ColE1,99.49,100.00,blaTEM-181,100.00,100.00
seq_7301,ColE1,99.66,100.00,blaTEM-181,100.00,100.00
seq_7302,ColE1,99.83,100.00,blaTEM-1,100.00,100.00
seq_7304,ColE1,99.83,100.00,aph(3')-Ia,100.00,100.00
seq_7314,ColE1,99.66,100.00,blaTEM-116,100.00,100.00
seq_7329,ColE1,99.66,100.00,blaTEM-116,100.00,100.00
seq_733,ColE1,99.83,100.00,blaTEM-1,100.00,100.00
seq_7330,ColE10_1__X01654,99.44,100.00,aph(3')-Ia,100.00,100.00
seq_7331,ColE1,99.66,100.00,catA1,100.00,100.00
seq_7338,ColE1,99.66,100.00,catA1,100.00,100.00
seq_7344,ColE1,99.83,100.00,blaTEM-1,100.00,100.00
seq_735,ColE1,99.83,100.00,aph(3')-Ia,100.00,100.00
seq_7359,ColE1,99.83,100.00,blaTEM-171,100.00,100.00
seq_7361,ColE1,99.83,100.00,blaTEM-1,100.00,100.00
seq_737,ColE1,99.83,100.00,blaTEM-116,100.00,100.00
seq_7374,ColE1,99.66,100.00,blaTEM-116,100.00,100.00
seq_738,ColE1,99.66,100.00,aph(3')-Ia,100.00,100.00
seq_7403,ColE1,99.66,100.00,catA1,100.00,100.00
seq_7405,ColE1,99.66,100.00,blaTEM-116,100.00,100.00
seq_7406,ColE1,99.83,100.00,blaTEM-1,100.00,100.00
seq_7414,ColE1,99.66,100.00,blaTEM-116,100.00,100.00
seq_7417,ColE1,99.83,100.00,blaTEM-1,100.00,100.00
seq_7425,ColE1,99.66,100.00,blaTEM-116,100.00,100.00
seq_7432,ColE1,99.66,100.00,blaTEM-116,100.00,100.00
seq_7435,ColE1,99.83,100.00,blaTEM-1,100.00,100.00
seq_7448,ColE10_1__X01654,99.44,100.00,aph(3')-IIa,100.00,100.00
seq_7451,ColE1,99.83,100.00,blaTEM-1,100.00,100.00
seq_7462,ColE1,99.83,100.00,blaTEM-1,100.00,100.00
seq_7471,ColE1,99.66,100.00,catA1,100.00,100.00
seq_7475,ColE10_1__X01654,100.00,100.00,aph(3')-IIa,100.00,100.00
seq_7487,ColE1,99.83,100.00,aph(3')-Ia,100.00,100.00
seq_7512,ColE1,99.83,100.00,blaTEM-1,100.00,100.00
seq_752,ColE1,99.83,100.00,blaTEM-1,100.00,100.00
seq_753,ColE1,99.83,100.00,aph(3')-Ia,100.00,100.00
seq_7577,ColE1,99.66,100.00,catA1,100.00,100.00
seq_761,ColE1,99.83,100.00,aph(3')-Ia,100.00,100.00
seq_7638,IncP1_1__BN000925,99.18,100.00,aph(3')-Ia,100.00,100.00
seq_7645,ColE1,99.83,100.00,blaTEM-116,100.00,100.00
seq_7647,ColE1,99.83,100.00,blaTEM-171,100.00,100.00
seq_7650,ColE1,99.66,100.00,blaTEM-116,100.00,100.00
seq_7658,ColE10_1__X01654,99.44,100.00,aph(3')-Ia,100.00,100.00
seq_7668,ColE1,99.66,100.00,blaTEM-116,100.00,100.00
seq_7670,ColE1,99.16,100.68,aadA1,100.00,100.00
seq_7712,ColE1,99.66,100.00,blaTEM-116,100.00,100.00
seq_7720,ColE1,99.83,100.00,aph(3')-Ia,100.00,100.00
seq_7788,ColE1,99.66,100.00,blaTEM-116,100.00,100.00
seq_7800,ColE10_1__X01654,100.00,100.00,aph(3')-IIa,100.00,100.00
seq_7819,ColE1,99.83,100.00,blaTEM-116,100.00,100.00
seq_7867,ColE1,99.83,100.00,blaTEM-116,100.00,100.00
seq_7873,IncP1_1__BN000925,100.00,100.00,aph(3')-Ia,100.00,100.00
seq_7891,ColE1,99.66,100.00,blaTEM-116,100.00,100.00
seq_7892,ColE1,99.83,100.00,aph(3')-Ia,100.00,100.00
seq_796,ColE1,99.49,100.00,aadA1,100.00,100.00
seq_7961,ColE1,99.83,100.00,blaTEM-171,100.00,100.00
seq_8023,ColE1,99.66,100.00,blaTEM-116,100.00,100.00
seq_8043,ColE1,99.83,100.00,blaTEM-1,100.00,100.00
seq_8046,ColE10_1__X01654,99.44,100.00,aph(3')-IIa,100.00,100.00
seq_8057,ColE1,99.83,100.00,blaTEM-116,100.00,100.00
seq_807,ColE1,99.83,100.00,aph(3')-Ia,100.00,100.00
seq_8074,ColE1,99.49,100.00,blaTEM-116,100.00,100.00
seq_8077,ColE1,99.66,100.00,blaTEM-116,100.00,100.00
seq_8083,ColE1,99.49,100.00,catA1,100.00,100.00
seq_8084,ColE1,99.66,100.00,blaTEM-116,100.00,100.00
seq_8094,ColE1,99.83,100.00,blaTEM-171,100.00,100.00
seq_8109,ColE10_1__X01654,100.00,100.00,aph(3')-IIa,100.00,100.00
seq_8114,ColE1,99.83,100.00,aph(3')-IIIa,100.00,100.00
seq_812,ColE1,99.83,100.00,blaTEM-1,100.00,100.00
seq_8135,ColE1,99.49,100.00,blaTEM-116,100.00,100.00
seq_8181,ColE1,99.83,100.00,blaTEM-116,100.00,100.00
seq_8202,ColE1,99.83,100.00,blaTEM-116,100.00,100.00
seq_8219,IncP1_1__BN000925,99.18,100.00,aph(3')-Ia,100.00,100.00
seq_822,ColE1,99.83,100.00,aph(3')-Ia,100.00,100.00
seq_8228,ColE1,99.66,100.00,blaTEM-116,100.00,100.00
seq_8248,ColE1,99.66,100.00,blaTEM-116,100.00,100.00
seq_825,ColE1,99.83,100.00,aph(3')-Ia,100.00,100.00
seq_8276,ColE1,99.83,100.00,aph(3')-Ia,100.00,100.00
seq_8287,ColE1,99.83,100.00,blaTEM-171,100.00,100.00
seq_8297,ColE1,99.83,100.00,aph(3')-Ia,100.00,100.00
seq_8308,ColE1,99.49,100.00,blaTEM-116,100.00,100.00
seq_831,ColE1,99.83,100.00,blaTEM-1,100.00,100.00
seq_8330,ColE10_1__X01654,100.00,100.00,aph(3')-IIa,100.00,100.00
seq_8341,ColE10_1__X01654,100.00,100.00,catA1,100.00,100.00
seq_8370,ColE1,99.15,100.00,blaTEM-116,100.00,100.00
seq_8378,ColE1,99.49,100.00,catA1,100.00,100.00
seq_841,ColE1,99.83,100.00,blaTEM-116,100.00,100.00
seq_8420,ColE1,99.66,100.00,blaTEM-116,100.00,100.00
seq_8445,ColE1,99.83,100.00,aph(3')-IIIa,100.00,100.00
seq_8488,ColE1,99.66,100.00,blaTEM-181,100.00,100.00
seq_8489,ColE10_1__X01654,100.00,100.00,aph(3')-IIa,100.00,100.00
seq_849,ColE1,99.83,100.00,blaTEM-1,100.00,100.00
seq_8505,ColE1,99.83,100.00,aph(3')-Ia,100.00,100.00
seq_851,ColE1,99.66,100.00,blaTEM-116,100.00,100.00
seq_8521,ColE10_1__X01654,100.00,100.00,aph(3')-IIa,100.00,100.00
seq_8526,ColE1,99.83,100.00,blaTEM-171,100.00,100.00
seq_8539,ColE1,99.83,100.00,aph(3')-IIIa,100.00,100.00
seq_8559,ColE1,99.66,100.00,blaTEM-1,100.00,100.00
seq_8577,ColE1,99.66,100.00,blaTEM-116,100.00,100.00
seq_859,ColE1,99.83,100.00,aph(3')-Ia,100.00,100.00
seq_8612,ColE1,99.66,100.00,catA1,100.00,100.00
seq_862,ColE1,99.83,100.00,aph(3')-Ia,100.00,100.00
seq_8648,ColE10_1__X01654,100.00,100.00,aph(3')-IIa,100.00,100.00
seq_866,ColE1,99.83,100.00,blaTEM-1,100.00,100.00
seq_869,ColE1,99.83,100.00,blaTEM-1,100.00,100.00
seq_8705,ColE1,99.66,100.00,blaTEM-116,100.00,100.00
seq_8730,ColE1,99.66,100.00,blaTEM-116,100.00,100.00
seq_8750,ColE1,99.83,100.00,blaTEM-1,100.00,100.00
seq_8764,ColE1,99.83,100.00,aph(3')-Ia,100.00,100.00
seq_8765,ColE1,99.66,100.00,blaTEM-116,100.00,100.00
seq_8775,ColE1,99.66,100.00,blaTEM-116,100.00,100.00
seq_8797,ColE1,99.66,100.00,blaTEM-116,100.00,100.00
seq_8808,ColE1,99.83,100.00,blaTEM-171,100.00,100.00
seq_8809,ColE1,99.83,100.00,blaTEM-116,100.00,100.00
seq_881,ColE1,99.83,100.00,aph(3')-Ia,100.00,100.00
seq_8817,ColE1,99.66,100.00,blaTEM-116,100.00,100.00
seq_8844,ColE10_1__X01654,99.44,100.00,aph(3')-IIa,100.00,100.00
seq_8850,ColE1,99.66,100.00,blaTEM-116,100.00,100.00
seq_8852,ColE1,99.83,100.00,aph(3')-Ia,100.00,100.00
seq_8881,ColE1,99.83,100.00,blaTEM-116,100.00,100.00
seq_8884,ColE10_1__X01654,99.44,100.00,aph(3')-Ia,100.00,100.00
seq_8901,ColE1,99.49,100.00,blaTEM-116,100.00,100.00
seq_8911,ColE1,99.49,100.00,blaTEM-116,100.00,100.00
seq_8927,ColE1,99.49,100.00,blaTEM-116,100.00,100.00
seq_893,ColE1,99.83,100.00,blaTEM-116,100.00,100.00
seq_8933,ColE1,99.83,100.00,aph(3')-IIIa,100.00,100.00
seq_8946,ColE10_1__X01654,100.00,100.00,catA1,100.00,100.00
seq_8947,ColE1,99.49,100.00,blaTEM-116,100.00,100.00
seq_8959,ColE1,99.66,100.00,blaTEM-116,100.00,100.00
seq_8964,ColE1,99.83,100.00,aph(3')-IIIa,100.00,100.00
seq_8966,ColE1,99.49,100.00,blaTEM-116,100.00,100.00
seq_8967,ColE1,99.66,100.00,blaTEM-116,100.00,100.00
seq_8968,ColE1,99.66,100.00,catA1,100.00,100.00
seq_8982,ColE1,99.83,100.00,blaTEM-171,100.00,100.00
seq_8985,ColE1,99.83,100.00,catA1,100.00,100.00
seq_8992,ColE1,99.83,100.00,aph(3')-IIIa,100.00,100.00
seq_9000,ColE1,99.83,100.00,blaTEM-1,100.00,100.00
seq_9006,ColE1,99.83,100.00,blaTEM-116,100.00,100.00
seq_9013,IncP1_1__BN000925,99.18,100.00,aph(3')-Ia,100.00,100.00
seq_9014,ColE1,99.83,100.00,blaTEM-181,100.00,100.00
seq_9018,ColE1,99.83,100.00,blaTEM-1,100.00,100.00
seq_9019,ColE1,99.83,100.00,catA1,100.00,100.00
seq_9021,ColE1,99.49,100.00,blaTEM-116,100.00,100.00
seq_9023,ColE1,99.66,100.00,blaTEM-116,100.00,100.00
seq_9033,ColE1,99.83,100.00,aph(3')-Ia,100.00,100.00
seq_904,ColE1,99.83,100.00,blaTEM-1,100.00,100.00
seq_9049,ColE1,99.66,100.00,blaTEM-116,100.00,100.00
seq_905,ColE1,99.83,100.00,catA1,100.00,100.00
seq_9052,ColE1,99.66,100.00,blaTEM-116,100.00,100.00
seq_9059,ColE1,99.83,100.00,aph(3')-Ia,100.00,100.00
seq_9072,ColE1,99.66,100.00,blaTEM-116,100.00,100.00
seq_9078,ColE1,99.49,100.00,blaTEM-116,100.00,100.00
seq_908,ColE1,99.83,100.00,aph(3')-Ia,100.00,100.00
seq_9087,ColE1,99.66,100.00,blaTEM-116,100.00,100.00
seq_9088,ColE1,99.83,100.00,aph(3')-Ia,100.00,100.00
seq_91,ColE10_1__X01654,100.00,100.00,aph(3')-IIa,100.00,100.00
seq_910,ColE1,99.83,100.00,aph(3')-Ia,100.00,100.00
seq_9103,ColE1,99.66,100.00,blaTEM-116,100.00,100.00
seq_9109,ColE1,99.83,100.00,blaTEM-116,100.00,100.00
seq_9111,ColE1,99.83,100.00,aph(3')-IIa,100.00,100.00
seq_9112,ColE1,99.66,100.00,blaTEM-116,100.00,100.00
seq_9119,ColE1,99.83,100.00,blaTEM-1,100.00,100.00
seq_9130,ColE1,99.66,100.00,blaTEM-116,100.00,100.00
seq_9134,ColE1,99.66,100.00,blaTEM-116,100.00,100.00
seq_9143,ColE1,99.83,100.00,blaTEM-1,100.00,100.00
seq_9145,ColE1,99.66,100.00,blaTEM-116,100.00,100.00
seq_9148,ColE1,99.66,100.00,blaTEM-116,100.00,100.00
seq_9150,ColE1,99.83,100.00,aph(3')-Ia,100.00,100.00
seq_9169,ColE1,99.83,100.00,blaTEM-171,100.00,100.00
seq_917,ColE1,99.66,100.00,catA1,100.00,100.00
seq_9184,ColE1,99.66,100.00,blaTEM-116,100.00,100.00
seq_9197,ColE1,99.83,100.00,aph(3')-Ia,100.00,100.00
seq_9198,ColE1,99.66,100.00,blaTEM-116,100.00,100.00
seq_9199,ColE1,99.83,100.00,blaTEM-181,100.00,100.00
seq_9202,ColE1,99.83,100.00,aph(3')-Ia,100.00,100.00
seq_9206,ColE1,99.83,100.00,blaTEM-1,100.00,100.00
seq_9209,ColE1,99.66,100.00,blaTEM-116,100.00,100.00
seq_921,ColE1,99.83,100.00,blaTEM-1,100.00,100.00
seq_922,ColE1,99.83,100.00,blaTEM-116,100.00,100.00
seq_9220,ColE1,99.83,100.00,blaTEM-1,100.00,100.00
seq_9222,ColE1,99.66,100.00,blaTEM-116,100.00,100.00
seq_9224,ColE1,99.83,100.00,aph(3')-Ia,100.00,100.00
seq_9226,ColE1,99.66,100.00,aph(3')-Ia,100.00,100.00
seq_9229,ColE1,99.66,100.00,blaTEM-116,100.00,100.00
seq_9231,ColE1,99.83,100.00,blaTEM-1,100.00,100.00
seq_9232,ColE1,99.83,100.00,blaTEM-171,100.00,100.00
seq_9235,ColE1,99.66,100.00,blaTEM-116,100.00,100.00
seq_9241,ColE1,99.66,100.00,blaTEM-116,100.00,100.00
seq_9243,ColE1,99.83,100.00,blaTEM-171,100.00,100.00
seq_9257,ColE1,99.83,100.00,blaTEM-171,100.00,100.00
seq_9266,ColE1,99.83,100.00,aph(3')-Ia,100.00,100.00
seq_9268,ColE1,99.66,100.00,blaTEM-116,100.00,100.00
seq_9270,ColE1,99.66,100.00,blaTEM-116,100.00,100.00
seq_9274,ColE1,99.66,100.00,blaTEM-116,100.00,100.00
seq_9281,ColE1,99.83,100.00,aph(3')-IIa,100.00,100.00
seq_9283,ColE1,99.66,100.00,blaTEM-116,100.00,100.00
seq_9292,ColE1,99.83,100.00,aph(3')-Ia,100.00,100.00
seq_9298,ColE1,99.66,100.00,blaTEM-116,100.00,100.00
seq_93,ColE1,99.83,100.00,blaTEM-171,100.00,100.00
seq_9301,ColE1,99.66,100.00,blaTEM-116,100.00,100.00
seq_9306,ColE1,99.49,100.00,blaTEM-116,100.00,100.00
seq_9308,ColE1,99.83,100.00,blaTEM-116,100.00,100.00
seq_9333,ColE1,99.66,100.00,aph(3')-Ia,100.00,100.00
seq_9334,ColE1,99.83,100.00,blaTEM-181,100.00,100.00
seq_9343,ColE1,99.49,100.00,blaTEM-116,100.00,100.00
seq_9354,ColE1,99.49,100.00,blaTEM-116,100.00,100.00
seq_9405,ColE1,99.66,100.00,blaTEM-116,100.00,100.00
seq_9420,ColE1,99.66,100.00,blaTEM-116,100.00,100.00
seq_9428,ColE1,99.66,100.00,blaTEM-116,100.00,100.00
seq_9433,ColE1,99.83,100.00,aph(3')-IIIa,100.00,100.00
seq_9454,ColE1,99.83,100.00,aph(3')-Ia,100.00,100.00
seq_9463,ColE1,99.66,100.00,blaTEM-116,100.00,100.00
seq_949,ColE1,99.49,100.00,catA1,100.00,100.00
seq_9501,ColE1,99.66,100.00,blaTEM-116,100.00,100.00
seq_9504,ColE1,99.83,100.00,aph(3')-Ia,100.00,100.00
seq_9523,ColE1,99.66,100.00,blaTEM-116,100.00,100.00
seq_9524,ColE1,99.49,100.00,blaTEM-116,100.00,100.00
seq_9532,ColE1,99.83,100.00,aph(3')-Ia,100.00,100.00
seq_9535,ColE1,99.66,100.00,blaTEM-116,100.00,100.00
seq_9542,ColE1,99.83,100.00,aph(3')-Ia,100.00,100.00
seq_9544,ColE1,99.83,100.00,blaTEM-1,100.00,100.00
seq_9545,ColE1,99.83,100.00,blaTEM-181,100.00,100.00
seq_9555,ColE1,99.83,100.00,aph(3')-Ia,100.00,100.00
seq_9560,ColE1,99.66,100.00,blaTEM-116,100.00,100.00
seq_957,ColE1,99.83,100.00,blaTEM-1,100.00,100.00
seq_9575,ColE1,99.83,100.00,blaTEM-1,100.00,100.00
seq_9579,ColE10_1__X01654,100.00,100.00,blaTEM-116,100.00,100.00
seq_9583,ColE10_1__X01654,100.00,100.00,aph(3')-IIa,100.00,100.00
seq_9594,ColE1,99.83,100.00,blaTEM-116,100.00,100.00
seq_9597,ColE1,99.66,100.00,blaTEM-116,100.00,100.00
seq_9598,ColE1,99.83,100.00,blaTEM-1,100.00,100.00
seq_9600,ColE1,99.83,100.00,blaTEM-1,100.00,100.00
seq_9607,ColE1,99.66,100.00,aph(3')-Ia,100.00,100.00
seq_9617,ColE1,99.83,100.00,aph(3')-Ia,100.00,100.00
seq_9621,ColE1,99.66,100.00,blaTEM-116,100.00,100.00
seq_9626,ColE1,99.66,100.00,blaTEM-116,100.00,100.00
seq_9627,ColE1,99.66,100.00,blaTEM-116,100.00,100.00
seq_9628,ColE1,99.83,100.00,catA1,100.00,100.00
seq_9637,ColE1,99.83,100.00,blaTEM-1,100.00,100.00
seq_9639,ColE1,99.83,100.00,blaTEM-1,100.00,100.00
seq_964,ColE1,99.83,100.00,blaTEM-1,100.00,100.00
seq_9642,ColE1,99.66,100.00,blaTEM-116,100.00,100.00
seq_9649,ColE1,99.49,100.00,aph(3')-Ia,100.00,100.00
seq_9652,ColE1,99.66,100.00,blaTEM-116,100.00,100.00
seq_9655,ColE1,99.83,100.00,aph(3')-IIa,100.00,100.00
seq_9656,ColE1,99.66,100.00,blaTEM-116,100.00,100.00
seq_9677,ColE1,99.83,100.00,catA1,100.00,100.00
seq_9680,ColE1,99.66,100.00,blaTEM-116,100.00,100.00
seq_9681,ColE1,99.49,100.00,blaTEM-116,100.00,100.00
seq_9685,ColE1,99.83,100.00,blaTEM-116,100.00,100.00
seq_9697,ColE1,99.66,100.00,blaTEM-116,100.00,100.00
seq_9712,ColE1,99.66,100.00,blaTEM-116,100.00,100.00
seq_9717,ColE1,99.83,100.00,blaTEM-171,100.00,100.00
seq_9732,ColE1,99.66,100.00,aph(3')-Ia,100.00,100.00
seq_9734,ColE1,99.83,100.00,blaTEM-116,100.00,100.00
seq_9748,ColE1,99.49,100.00,blaTEM-116,100.00,100.00
seq_9750,ColE1,99.83,100.00,blaTEM-181,100.00,100.00
seq_9763,ColE1,99.66,100.00,blaTEM-116,100.00,100.00
seq_9779,ColE1,99.49,100.00,blaTEM-116,100.00,100.00
seq_9780,ColE1,99.66,100.00,blaTEM-116,100.00,100.00
seq_9787,ColE1,99.83,100.00,blaTEM-181,100.00,100.00
seq_9800,ColE1,99.49,100.00,blaTEM-116,100.00,100.00
seq_9804,ColE1,99.66,100.00,catA1,100.00,100.00
seq_9817,ColE1,99.66,100.00,blaTEM-116,100.00,100.00
seq_9818,ColE1,99.66,100.00,blaTEM-116,100.00,100.00
seq_9824,ColE1,99.66,100.00,blaTEM-116,100.00,100.00
seq_983,ColE1,99.66,100.00,catA1,100.00,100.00
seq_9839,ColE1,99.66,100.00,blaTEM-116,100.00,100.00
seq_9845,ColE1,99.66,100.00,blaTEM-116,100.00,100.00
seq_9847,ColE10_1__X01654,99.44,100.00,aph(3')-IIa,100.00,100.00
seq_9854,ColE1,99.83,100.00,blaTEM-1,100.00,100.00
seq_9857,ColE1,99.66,100.00,blaTEM-116,100.00,100.00
seq_9858,ColE1,99.66,100.00,catA1,100.00,100.00
seq_9861,ColE1,99.83,100.00,aph(3')-Ia,100.00,100.00
seq_9868,ColE10_1__X01654,100.00,100.00,catA1,100.00,100.00
seq_9871,ColE1,99.83,100.00,blaTEM-1,100.00,100.00
seq_9874,ColE1,99.83,100.00,aph(3')-Ia,100.00,100.00
seq_9884,ColE1,99.66,100.00,blaTEM-116,100.00,100.00
seq_9892,ColE1,99.83,100.00,blaTEM-181,100.00,100.00
seq_9898,ColE1,99.83,100.00,aph(3')-Ia,100.00,100.00
seq_9899,ColE10_1__X01654,100.00,100.00,aph(3')-IIa,100.00,100.00
seq_9908,ColE10_1__X01654,99.44,100.00,aph(3')-Ia,100.00,100.00
seq_9931,ColE1,99.83,100.00,blaTEM-116,100.00,100.00
seq_9934,ColE1,99.49,100.00,blaTEM-116,100.00,100.00
seq_9938,ColE1,99.49,100.00,blaTEM-116,100.00,100.00
seq_994,ColE1,99.49,100.00,blaTEM-116,100.00,100.00
seq_9941,ColE1,99.66,100.00,blaTEM-116,100.00,100.00
seq_9955,ColE1,99.83,100.00,aph(3')-Ia,100.00,100.00
seq_9956,ColE1,99.49,100.00,blaTEM-116,100.00,100.00
seq_9960,ColE1,99.66,100.00,blaTEM-116,100.00,100.00
seq_9964,ColE1,99.66,100.00,blaTEM-116,100.00,100.00
seq_9971,ColE1,99.83,100.00,aph(3')-Ia,100.00,100.00
seq_9977,ColE1,99.49,100.00,blaTEM-116,100.00,100.00
seq_9983,ColE1,99.66,100.00,blaTEM-116,100.00,100.00
seq_9984,ColE1,99.83,100.00,aph(3')-Ia,100.00,100.00
seq_9991,ColE1,99.66,100.00,blaTEM-116,100.00,100.00
seq_9994,ColE1,99.83,100.00,aph(3')-Ia,100.00,100.00
