id,name,length,gc,longest_orf_aa,mfe_density_dna,mfe_density_rna
223675,PB-GFP1-10-HygR,8481,0.5239,367,-0.167431,-0.349463
121134,vector-dendra2 PCDNA,6900,0.5086,286,-0.149531,-0.334985
105840,pUCM-AAVS1-TO-hNGN2,10618,0.5832,308,-0.173137,-0.374609
244050,HA_mCherry_H2B,6384,0.5443,378,-0.166036,-0.359992
156413,JDW 771 (pTol2-kdrl:EYFP-hsKRAS4B-WT-ac/Y),13449,0.4058,433,-0.109592,-0.245465
144871,TFORF3395,10030,0.5092,545,-0.143012,-0.319954
141990,TFORF2248 ,9706,0.5096,446,-0.144542,-0.322
126248,pGWB14-LYX030,15490,0.5255,388,-0.155134,-0.32875
24219,EGFPC1-huNFATc1EE-WT,6894,0.5669,968,-0.1641,-0.349369
119712,FB027,10099,0.5627,391,-0.174546,-0.364749
230489,AiP14483 - pAAV-AiE0082h_3xC2-minBG-SYFP2-WPRE3-BGHpA (Alias: CN4483),5024,0.5267,286,-0.164129,-0.346478
243698,pJL259,18588,0.4698,286,-0.127305,-0.295107
206375,pLVTHM-mSox17FNV-3xflag,11622,0.5132,446,-0.148283,-0.33244
116871,Tet-pLKO-puro shKRAS,8816,0.4977,286,-0.150306,-0.326912
214479,AiP1277 - pAAV-AiE2051m-minBG-SYFP2-WPRE-BGHpA,4584,0.5253,286,-0.163835,-0.349388
183920,GFP-LacI,5653,0.5433,612,-0.164371,-0.35481
107294,t2. pT7-7-SNCA-5Lys,2877,0.496,286,-0.159715,-0.344108
106867,gh268,2743,0.475,286,-0.153956,-0.328764
118073,IRES-EGFP-Flag-hRabin8,11870,0.5101,470,-0.145388,-0.328926
141170,pARR5::LUC,6380,0.4303,550,-0.121092,-0.260778
143242,TFORF0930,9916,0.4956,516,-0.142028,-0.312837
19922,pcDNA3-myc3-CUL4B,8227,0.4742,992,-0.136353,-0.303845
216340,ER-FAST,4516,0.5142,264,-0.156133,-0.339824
106133,pCfB6575,7710,0.4925,595,-0.140924,-0.313648
209385,LI B-C TurboID,3538,0.55,432,-0.169077,-0.359615
137663,pSHDY-PL03-mVenus_tetR,8240,0.579,709,-0.191916,-0.396129
237676,pRK5_mEGFP-YAP-MAMLD1-KS,8693,0.5362,1345,-0.150887,-0.32417
225794,pGLU_113,2313,0.4782,219,-0.145871,-0.318245
234926,pVTHV3-(nV+AtbZIP63-cV),16524,0.5022,408,-0.14852,-0.325545
206265,pMMDS 2 colors,8785,0.5137,1006,-0.149326,-0.324471
183504,pDRM56 tet-AR(1-707)C617Y,9814,0.5386,702,-0.155675,-0.339137
141629,TFORF0519 ,9412,0.5244,348,-0.149468,-0.334344
188860,Forsur-6,3268,0.5067,286,-0.152833,-0.332917
214304,pET21b-C-MBP,6557,0.5275,397,-0.154312,-0.329808
157124,pD649-HAsp-IL18BP-COMP5AP-AviTag-9xHis,7645,0.5341,786,-0.159466,-0.34171
77535,DYRK2 gRNA (BRDN0001147464),8323,0.511,291,-0.151131,-0.331163
97410,pAAVTREGCaMP6f,5819,0.5257,450,-0.162591,-0.3425
101260,5VBD (USP09X),5579,0.52,319,-0.154371,-0.330838
27092,"pRS3 (CK2alpha, CK2beta)",6633,0.4776,421,-0.13224,-0.297097
77059,PDGFRB gRNA (BRDN0001147806),8323,0.5112,291,-0.151212,-0.331094
129648,NmMetQ N238A,6218,0.5323,319,-0.158922,-0.339087
234301,9336-E06,4721,0.4999,520,-0.1576,-0.325082
184026,pcDNA HA-Gnat1 WT-3UTR,7537,0.5202,403,-0.149581,-0.332821
168554,pDONR223 SARS-CoV-1 NSP13_stop,4599,0.4747,611,-0.152529,-0.315129
156998,pD649-HAsp-ROBO1-Fc(DAPA)-AviTag-6xHis,8722,0.5354,1145,-0.155681,-0.337176
128867,pMV1,3203,0.4905,286,-0.143509,-0.306018
140467,iSKetSnFR2,4444,0.5092,560,-0.14815,-0.324387
35905,pcDNA-Wnt1,6651,0.5426,370,-0.168738,-0.363336
167970,pSEP-LAMP1-RFP,6620,0.5199,880,-0.148584,-0.322112
119666,pC0.066,2305,0.5067,301,-0.179349,-0.37115
117884,AtIRT1,4357,0.4655,372,-0.115842,-0.273725
175445,pExpreS2-1-CR-PA,3082,0.4997,158,-0.136709,-0.296491
118553,pMRE-Tn7-135,14632,0.461,702,-0.131159,-0.290263
172076,EIF2B3-K33E,5517,0.4818,452,-0.150771,-0.322829
89233,pAcrF1,5983,0.5342,319,-0.158545,-0.338418
169337,pCDNA5/FRT/Halo-Tag7-Geminin(1/110)_P2A_HaloTag9-Cdt(1-100)Cy+,7570,0.535,857,-0.162752,-0.353317
216620,CTNNB1 - R565C in pENTR,5147,0.5015,793,-0.155053,-0.330674
153809,pGBW-m4252890,10422,0.5034,1294,-0.13764,-0.311115
77231,PRKD1 gRNA (BRDN0001162219),8323,0.5114,291,-0.151237,-0.33105
109607,actc1b-mKate2-rab1ba,9549,0.3904,441,-0.111139,-0.245976
240451,pBI121::chitRatioGFP:LAAQ,14467,0.53,451,-0.151759,-0.327548
191327,pBetaActin-dCer3-C2-FRB,7544,0.5789,505,-0.180702,-0.386255
204821,pLenti-SCGB3A2 promoter-EGFP-EF1a-TagRFP,8855,0.5014,308,-0.139094,-0.319506
123686,MTK1_024,2043,0.4934,219,-0.154283,-0.341997
175187,pRSET iGluSnFR3 v82,4429,0.5121,555,-0.153388,-0.32855
115600,pDSG419,5655,0.4532,662,-0.129762,-0.290324
207738,qTAG-C-dTAG-Zeo,3628,0.5342,400,-0.170938,-0.360015
159892,pEGFP-CHAMP1,7092,0.5103,1076,-0.139987,-0.306215
84122,pFGC5941-PacI-ath-STTM396,11132,0.5213,391,-0.157045,-0.33007
221709,pGY53,16663,0.4829,1309,-0.124287,-0.279585
219874,pCfb13199,7101,0.5013,401,-0.14817,-0.323756
91528,pHH0103_VAV3-1/2,6921,0.4953,329,-0.148085,-0.318346
172516,pDF0352 HvsCas7-11 with C-term Nes mammalian expression,8028,0.4819,1542,-0.130671,-0.2962
212110,pcDNA5/FRT/TO mTagBFP2-GABARAP,6135,0.5226,361,-0.159913,-0.346965
136137,L1_lacZgRNA-Ck2,9098,0.5012,391,-0.158001,-0.331189
235651,pOPINK-Sharpin NZF (347-376),6053,0.5115,319,-0.152925,-0.323383
113986,pOGG012,4963,0.5813,346,-0.1981,-0.389211
109951,pHH0103_NR4A1_Hormone-recep,7527,0.4959,531,-0.144193,-0.313379
227960,pcDNA-pDEST_BirA_Flag,7834,0.5225,354,-0.1635,-0.351193
142614,TFORF0400,9529,0.5157,387,-0.150077,-0.330405
54137,mEmerald-Kinesin11-N-18,7900,0.4738,1313,-0.134335,-0.294767
159129,pcDNA3.1_ 2xFLAG-2xSTREP_NRF2,7355,0.4952,662,-0.143747,-0.317771
115831,pscALPS-SIV-GSN-CN166  vpr,8177,0.526,343,-0.15035,-0.327129
90630,CKAP5 C5.2 gRNA,7302,0.5011,291,-0.146764,-0.319586
143259,TFORF1314,9919,0.5243,517,-0.151172,-0.334058
92422,Stx4-pmCitrine,5641,0.5334,549,-0.153193,-0.334752
119273,pJMP1344,11230,0.5197,1401,-0.150795,-0.337409
175472,NF2A-c001,6369,0.5186,360,-0.150292,-0.328742
157035,pD649-HAsp-NFASC-Fc(DAPA)-AviTag-6xHis,9685,0.5351,1521,-0.151997,-0.327665
190165,EB3N-VVDfast-mCl3-iLID,8324,0.5702,776,-0.175206,-0.371113
223041,rag2:CCT2_CE_pISceI,12570,0.434,535,-0.125598,-0.27827
85664,pEGFP-YOD1,5831,0.5284,604,-0.158012,-0.337376
173087,MacroH2A1.1-c002,6705,0.5396,469,-0.15912,-0.341824
130577,pTK_Snai2_enh_332_Citrine,5229,0.5001,286,-0.146168,-0.320811
173893,pHR-mIFP-NLS,9537,0.4911,412,-0.137272,-0.309065
171295,pFTK023,2822,0.494,301,-0.162509,-0.345712
139418,pGWKS11,8400,0.5042,299,-0.13633,-0.305987
229480,JD80,2741,0.4987,286,-0.161364,-0.34772
154173,pEF1α-squirrel-monkey-CHMP3(155)-HA,4809,0.5063,286,-0.146792,-0.326467
235071,Tad-CBE(CCT2),8775,0.5382,1791,-0.149482,-0.3259
231716,pLIB-FLAG(N)-CDK12,9413,0.4918,1509,-0.136228,-0.31935
225476,pcDNA3puro-EGFP-GAPDH-CC,7166,0.538,677,-0.160982,-0.349889
11426,pcDNA-HA-Nedd4/2795,8333,0.4936,790,-0.138823,-0.314419
217587,DVC_p15A_AE,2542,0.487,138,-0.152124,-0.337219
222947,pSems LifeAct-StayGold,5987,0.5191,339,-0.159818,-0.339291
132051,pDONR221_SLC25A22,3519,0.5146,396,-0.167738,-0.343462
204474,pLenti HsATP10B - EmGFP,16545,0.4932,1719,-0.137662,-0.308283
240248,pBAD24-ALFA-TwinStrep,4245,0.5161,309,-0.16168,-0.329973
144860,TFORF3384,9496,0.5232,367,-0.151096,-0.333128
130700,Beta-Globin-WT,10629,0.4931,972,-0.145454,-0.325
191778,pICSL1P3_crU626,5977,0.526,382,-0.161827,-0.340655
175334,pH6HTC_PRMT1-Halo,4497,0.5366,705,-0.1502,-0.334725
154875,pcDNA-GFP-BAEBL (I1134V/P1135L/Y1136V/F1137V),6761,0.5097,462,-0.149318,-0.332508
223763,pETDuet1_6xHis-TEV-mCherry-WIPI3,7166,0.5322,610,-0.155904,-0.342215
232597,pXTK150 [Term_BBa-B0015_PartType7],1825,0.5249,307,-0.188384,-0.392548
208679,pAAV-hSyn-GRAB_NPYmut,6662,0.5378,725,-0.165184,-0.3444
141373,pLVX-EF1alpha-SARS-CoV-2-nsp7-2xStrep-IRES-Puro,9165,0.521,286,-0.151982,-0.342023
231917,SARS-CoV-2 spike G15 mutant,8602,0.5201,1283,-0.149093,-0.329091
165120,EGFP-Nsp15,5751,0.519,598,-0.151666,-0.330982
87423,AICSDP-8:TOMM20-mEGFP,5373,0.4567,271,-0.13093,-0.28855
45913,FLAG-VAMP7,6985,0.5034,286,-0.149935,-0.327238
55912,mRuby2-SiT-N-15,4855,0.5137,297,-0.155433,-0.340811
111731,pBacMam2-DiEx-LIC-C-flag_huntingtin_full-length_Q145,16146,0.5105,3278,-0.145317,-0.317483
142765,TFORF1254,9070,0.5203,287,-0.152099,-0.338011
81747,pDONR223_IRF4_WT,4143,0.5383,522,-0.166373,-0.339067
107350,pLVX-UBE3BΔIQ-HA-IRES-Puro,11242,0.5084,1016,-0.144466,-0.323195
76955,ACTR2 gRNA (BRDN0001146434),8323,0.5112,291,-0.151262,-0.331131
163574,Dcp2 FL,9253,0.4191,1214,-0.106369,-0.240102
179202,pAd5-B6/7 ∆E3-GFP,12877,0.4962,609,-0.137516,-0.323823
154292,pLenti PGK mKate2-OGT D554N (Puro),11897,0.5114,1300,-0.150404,-0.328539
113413,pCMV-hA3D-BE3,9003,0.4702,1867,-0.128377,-0.285122
139684,pAIP Nup62Fv2GFP,11237,0.5428,1113,-0.151807,-0.335647
210548,pCLV3Cas-LT0,16441,0.4772,1393,-0.127327,-0.288148
99620,FRT2-Mb2Tomato-2A (IG154),7707,0.5402,569,-0.161294,-0.355048
238186,pRCA893 - pBA904 Puro-T2A-BFP KLF5 g1 CRISPRa guide guide (pRCA594 backbone) 666,8918,0.5218,461,-0.149829,-0.333212
163431,Nup54-mEGFP494(flex2),6312,0.5211,751,-0.150392,-0.328775
139935,pMGA-ptet-sfGFP,8359,0.5533,347,-0.177634,-0.367038
226907,pAM263,4230,0.4934,286,-0.1486,-0.329813
198216,pJL1-PD-DQNAT,2849,0.4661,361,-0.146718,-0.318147
178223,pLKO_AU1.HSV.Ollas_mCherry-NLS,8781,0.5105,302,-0.148959,-0.329024
224240,pET28a_SYK,7143,0.5246,646,-0.153881,-0.332674
191228,Sandgrouse–insD,9287,0.4872,1022,-0.140256,-0.313589
126756,pX330-Flag-HypaSpCas9 (without sgRNA; with silent mutations),8170,0.5487,1423,-0.159923,-0.339006
153868,pGBW-m4046483,10641,0.4292,1958,-0.109977,-0.252592
126259,pGWB14-LYX041,15181,0.5261,382,-0.154184,-0.328576
145257,pCFP-LacI-HOXD13(+10A)-IDR,6022,0.5546,761,-0.170728,-0.361273
244729,CL20_mEGFP_FOidr_177,7758,0.4862,286,-0.132331,-0.293406
209400,pGG-GFP-TurboID-3XNLS,8386,0.5432,636,-0.16315,-0.349681
205349,pBad33_ISMmu1_reRNA,5763,0.4975,436,-0.154482,-0.323318
153542,pAAV-EF1α1.1-FLEX-rc [ChromeQ-GFP],7032,0.5384,554,-0.164948,-0.35877
245046,Phogrin EGFP twin strep,7853,0.5423,1297,-0.152627,-0.340287
213349,MTNR1B-DuET,6626,0.5165,417,-0.151934,-0.341208
185077,KBB329,10093,0.4073,713,-0.108262,-0.242769
213213,CNR1-DuET,6956,0.5144,527,-0.148795,-0.336792
178882,pSmart-EF1a-Nla-cas11,3837,0.5338,348,-0.158343,-0.353743
172580,pcDNA5/FRT/TO/TARG1,5659,0.5102,316,-0.161076,-0.347067
141313,pRATIO4212,14049,0.5183,531,-0.158724,-0.335349
126082,pBbA9a-RFP,2846,0.4902,286,-0.141778,-0.323612
200109,pKrox24(2xD-E_inD)Luc,7359,0.5862,678,-0.174888,-0.373586
197253,pBAD-HisD-miRFP680-HO1,5703,0.5273,328,-0.169495,-0.346095
117585,pEPOR2KN0013,11111,0.5013,1620,-0.140199,-0.307167
248100,pFastBac-rAPOBEC1-pAG-hADAR2dd,8098,0.5096,956,-0.146645,-0.318994
110158,pHAGE2-EF1alpha-HA-TFAP4,9264,0.5315,347,-0.154078,-0.344989
91444,pHH0103_FCHSD2-1/2,6918,0.4945,328,-0.146777,-0.315623
120872,pET28a-mH6-Cas12c1,9263,0.5276,1328,-0.154189,-0.328717
128368,pPEE28,5870,0.5119,299,-0.138159,-0.304827
221489,pLX-EF1a_NKX2-1_HD_160-223AA,8608,0.5195,287,-0.15242,-0.3342
129697,pCK353,6106,0.5015,278,-0.136261,-0.308522
73958,pcDNA3-Myc-AIM2,6481,0.4958,421,-0.145083,-0.328958
231147,esgRNA_NbPDS,11026,0.5057,402,-0.152023,-0.322195
183951,pLIX403_control_APOBEC_HA_P2A_mRuby_Capture1,9152,0.5191,541,-0.146207,-0.321794
215459,pENTR2b-Src(WT),3891,0.5297,561,-0.155529,-0.337814
112928,EB3-3xmScarletI-N1,6973,0.5504,994,-0.162623,-0.343631
176328,pVRC8400-SARS-CoV-2-S2P-B.1.429-AVI,9648,0.5288,1744,-0.147719,-0.322508
175830,pFX-β-tubulin-iRFP,6385,0.5461,782,-0.166169,-0.3573
215387,pB-T-PAF-Clu CC2,7601,0.5112,449,-0.154239,-0.327724
192867,pGK-hMIGA2-DsRed,9992,0.5494,818,-0.153757,-0.329756
203604,psicheck2-MAIP1mut,6420,0.5344,550,-0.154627,-0.339625
148080,pAc5.1B-lambdaN-HA-DmPAN3-dsRNAres_Y,7822,0.4912,835,-0.135687,-0.289733
207913,pCS019,3367,0.4722,286,-0.13965,-0.303967
91393,pHH0103_BAIAP2L2-1/1,6924,0.496,330,-0.147,-0.317377
102859,hisSUMO-CTCF(F1-F9),3447,0.479,399,-0.14065,-0.313817
231093,UBC-4xmNG-dMCP,8969,0.5231,1237,-0.149886,-0.332259
238720,"NanoBRET Assay Vector, HaloTag-Syk",6610,0.508,949,-0.146416,-0.32312
121872,LB801: pMVP/PB/eCFP-DEST,6144,0.4852,286,-0.133492,-0.2988
231324,pNDGG056,10357,0.6146,709,-0.209015,-0.41791
205023,pET28a-SUPREM,6277,0.5299,360,-0.1559,-0.329658
246361,(380-bp-TET-DIAL-YB-TATA)-mGL-bGH_pKG3262,4033,0.5135,269,-0.1614,-0.343173
154153,pKM44,5684,0.447,565,-0.124867,-0.278638
46326,C terminal Flag Mios pRK5,7327,0.4661,890,-0.131157,-0.292664
223920,HCT43_rAAV-eHGT_1185m-minBglobin-SYFP2-WPRE3-BGHpA,5296,0.4945,286,-0.15361,-0.32528
168534,pDONR223 SARS-CoV-1 ORF3b_nostop,3251,0.5026,336,-0.165883,-0.338533
121166,G5-CD40,7209,0.5266,583,-0.144452,-0.32517
159933,Wild-type CoV-2 ORF8,5105,0.5293,286,-0.162958,-0.347389
186139,His10-B1 Integrin,6957,0.5162,475,-0.155865,-0.329562
129376,pRSET-QUEEN 7mu R126A,4001,0.5261,413,-0.16364,-0.35152
190217,pPOTv6-g418-3Myc-mNG-3Myc,6535,0.5126,362,-0.149312,-0.326496
100665,YCe2733 HC_Kan_conn_W-Y,1940,0.4814,271,-0.160567,-0.350722
238941,pC1-HyPerFLEX-ERlum,5152,0.5225,391,-0.154698,-0.331737
99526,pKan-PCUP1-AID*(N)-9myc,6840,0.4608,286,-0.131715,-0.291585
238564,"NanoBRET BiBRET Vector, NanoLuc-KRAS_CRAF(FL)-HaloTag",8345,0.5028,962,-0.141562,-0.313275
153634,pGBW-m4252808,6227,0.5271,286,-0.150452,-0.326722
198478,Lenti-guide-puro mAtp6v1a-2,8323,0.5115,286,-0.151888,-0.335031
32640,pGEMTEZ-TeTxLC,4421,0.4969,485,-0.137775,-0.299687
133498,pAV0478,8227,0.4671,286,-0.131945,-0.290348
199683,pRK5-LYCHOS (GPR155) ∆DEP-HA,7014,0.4662,791,-0.134217,-0.296504
120402,Fibronectin-human-EDA in pMAX,10053,0.5131,2386,-0.140041,-0.310897
98283,pNup133-Ypet,8190,0.4961,1402,-0.143357,-0.313865
221133,pFSKm4-ATF1,5329,0.4175,525,-0.12438,-0.27263
160770,pLKO.1B CDC25C_2,7322,0.4963,301,-0.149293,-0.323443
87242,pUM31dao,4614,0.4727,348,-0.143471,-0.312212
223602,pHR-SNAP-PDL1,10399,0.4868,484,-0.134958,-0.306445
199681,pET28a LZ LED 4CA-FLAG,5895,0.5228,319,-0.154149,-0.330655
217520,Pepper-fused sgRNA,2341,0.4746,286,-0.160316,-0.339556
137672,pHM033Env,8504,0.4792,865,-0.135591,-0.308412
128367,pPEE27,5870,0.5119,299,-0.145126,-0.314418
174486,pSNRW-Z3-Nluc,6348,0.5139,372,-0.150608,-0.321475
33307,Ubc.Luc.IRES.Puro,11099,0.5179,550,-0.151867,-0.33914
13014,pcDNA3-TLR1-YFP,8459,0.4897,1027,-0.141298,-0.314056
205403,pICH41276(3Uter)-tAT4G34270,2567,0.4897,127,-0.166147,-0.34688
57547,mGeos2-VEL-Cx43-7,6005,0.5142,615,-0.146411,-0.324678
203810,pAcCas12nHS_RV6_PT1_empty,6914,0.5579,465,-0.170354,-0.359969
100123,pSN65,7703,0.516,345,-0.151662,-0.328993
215877,psiCHECK-1-miR-589(5p)-WT,3624,0.5047,311,-0.145635,-0.3184
165103,pGEX6P1-optimizedNedd4.2d,7849,0.5243,1186,-0.151107,-0.328225
196375,RCAS.Sfi Akt1-K179M,13207,0.5332,792,-0.14929,-0.341702
104842,pAAV-b2AR-hLOV1-TEVcs-FLAG-GAL4-V5,6386,0.505,861,-0.154492,-0.332142
121363,pUC57-Kan_ina168_g2700,3021,0.475,271,-0.146473,-0.308945
172792,pLBC0130,3296,0.4967,301,-0.148417,-0.3246
84727,pVR2-m8,2881,0.4998,286,-0.166192,-0.350191
77185,CAMK2D gRNA (BRDN0001146112),8323,0.5112,291,-0.151231,-0.3313
162270,6WNX,6020,0.4781,447,-0.142383,-0.313461
144152,TFORF2716,9529,0.5418,387,-0.159802,-0.349281
112060,pcDNA3.1(+)-NES-ZapCV2 (cpV143),7095,0.5326,562,-0.153864,-0.339444
144352,TFORF2755,10153,0.4995,595,-0.141299,-0.317585
99930,pcDNA3-HA-REDD1 111-135 (#190),6077,0.5289,286,-0.157736,-0.34893
210580,pcDNA3.1_SM-FLuc0-malat1,8037,0.4983,886,-0.141425,-0.319052
115594,pDSG323,5636,0.4532,658,-0.130029,-0.289314
116678,pHAGE-SIRPB1-G290E,9830,0.5163,398,-0.145411,-0.333379
240990,pAAV-hSyn-mCherry-TeNT,6706,0.5434,718,-0.159384,-0.33748
195888,L0-I38 BpiI-pUBQ10-BpiI,5579,0.4831,264,-0.140414,-0.300332
80033,pAAV-2Aneo v2,4488,0.5212,290,-0.172037,-0.357675
113921,pET51b(+)_MBP-nLucCP-65/68,6775,0.5238,571,-0.155085,-0.335515
30541,AAV-Flex-rev-oChIEF-tdTomato,7557,0.5588,837,-0.175876,-0.379752
204193,pCDNA3-SREBP-1 (A317-318),9023,0.5715,1218,-0.175192,-0.378709
40822,EGFP-alphasynuclein-WT,5155,0.5315,389,-0.155508,-0.332874
123811,MTK4_002,1805,0.472,219,-0.149917,-0.332521
124211,pSLHDR_R4,8484,0.5331,1423,-0.156294,-0.333244
227678,PEmaxNG-_2star_IVT,9212,0.5453,2144,-0.150423,-0.323269
194023,RcSxph Y558F,8003,0.5222,1137,-0.153522,-0.327116
207370,B-HeFSpCas9-A926Q,8055,0.5438,1416,-0.163542,-0.344871
130960,pLY132,2470,0.466,271,-0.167328,-0.337409
153892,pGBW-m4046698,5592,0.4367,286,-0.117181,-0.262181
203358,2xPeptide 8_Vps4p_L7C_A43C,7110,0.5129,481,-0.144326,-0.317533
98663,MBP-hnRNPA2_FL_D290V,7476,0.5284,748,-0.15725,-0.337236
217127,pCMV-Mariner-1_PM,6380,0.511,603,-0.153442,-0.332417
184101,pT2iD6Hoxa13bER4(#686),5687,0.4829,629,-0.152469,-0.329962
139824,pFUW-tetO-Meis1,9859,0.496,370,-0.142987,-0.319447
205392,pICH41276(3Uter)-tAT1G71860,2693,0.4831,127,-0.164055,-0.343632
247854,SFB-SLX4,11816,0.5681,1952,-0.161237,-0.355204
240491,pSSBIO32_dCas9_RPA3717,10141,0.494,1368,-0.148082,-0.31281
232941,pCDH-no-Flag-TET1-S-WT,12590,0.4956,1465,-0.131396,-0.293858
138060,MYMH 393,3780,0.5439,225,-0.182729,-0.379029
237108,LgBiT-NCOR2 Vector,12446,0.6114,951,-0.182796,-0.415188
162939,C511-E15: attB5r-ffluc2-nostop-attB1r,4335,0.5326,532,-0.169425,-0.350987
178816,pFastBacMam5_N_Flag_His8_eGFP_3C,7427,0.4948,290,-0.14315,-0.311557
229749,pTYB1-MBD3 pc4784,8305,0.5138,810,-0.166888,-0.354012
225793,pGLU_112,2313,0.4834,219,-0.147255,-0.321098
174407,VAMP4 KD1 mScarlet,10218,0.5197,347,-0.151229,-0.339405
186778,PB533-44B12m23-sfGFP,8354,0.5296,491,-0.163656,-0.3535
201602,LENTICRISPR-LUC7L2_sgRNA1,13013,0.5278,1612,-0.147546,-0.324
189830,pGEL636,16963,0.5081,1300,-0.141161,-0.313618
123076,pDONR223 LC3B2 G120A,3171,0.5137,336,-0.168636,-0.333618
145611,pGBW-m4046979,1985,0.4746,97,-0.151587,-0.322872
142187,TFORF2230,9199,0.5159,287,-0.147962,-0.328789
112999,pGEX6P-1 gnu,5689,0.5055,471,-0.144899,-0.314305
168217,pMEH343 CD63 MS2 HA,7055,0.514,492,-0.155313,-0.348822
105176,pLN377 (FuGW-S(SP1)p-mKate2 ),9124,0.5184,332,-0.148045,-0.323667
214126,pPB-CAG-Brainbow4.2-PGK-HygTK,15550,0.5499,767,-0.166069,-0.355196
208049,pLenti-sgAMPKa1-Cas9-GFP,11710,0.5181,1672,-0.142156,-0.311498
142906,TFORF2031,10843,0.522,825,-0.144282,-0.322243
214151,pMRX-HA-hSTING (S366A),7110,0.52,389,-0.14921,-0.334311
141600,TFORF0389 ,13309,0.5532,1647,-0.159563,-0.348065
101411,pDONR221-HES3,3102,0.5026,269,-0.161091,-0.339564
114192,Paxillin_PSCFP2_ mEOS2,7089,0.5305,1051,-0.148726,-0.324993
236175,EW373 (PB) (ZNF35/ZNF250tarv3-6bp spacers)x4-H2B-BFP insul CMV-TO-GFP-deimlink-NZF ,10346,0.5186,525,-0.151362,-0.334015
222139,pT3TS-spRYCas9-ABE-UMax,7978,0.486,1604,-0.13588,-0.29962
112237,p006-GFP-Logic-AND,5533,0.4891,360,-0.143476,-0.308314
142751,TFORF1201,12241,0.5152,1291,-0.143018,-0.323528
113640,pR BirA,4802,0.4854,352,-0.140644,-0.309644
107210,xyl3.2,7293,0.523,747,-0.156584,-0.32915
91237,pACYCDuet_M42FDHFR_WTTS,5224,0.5098,319,-0.145537,-0.320011
166758,Venus-BimEL(Bad)-pEGFP-C1,5318,0.5376,438,-0.15804,-0.3423
114172,pStA223,3040,0.4813,271,-0.139073,-0.305164
200976,pCEP4-myc-EFNB2 (D62Q),11337,0.5245,806,-0.142782,-0.320264
143957,TFORF1391,11164,0.4764,932,-0.13428,-0.29973
157254,pD649-HAsp-ICOSLG-COMP5AP-AviTag-9xHis,7867,0.5346,860,-0.159303,-0.34126
229319,pXTK082 [CDS_mTurquoise_PartType6],2413,0.5545,307,-0.1816,-0.386863
195803,pENTR223-BMRF2,3858,0.528,427,-0.1623,-0.338414
140254,CGBE1-VRQR (pBM1192),9909,0.5512,2169,-0.155121,-0.333968
205384,"pICH41295(pro5U)-pAT5G37830(B,E)",3735,0.4407,127,-0.128042,-0.278015
124949,pET_MBP-RGG-GFP-RGG,7145,0.5362,990,-0.162739,-0.35027
239210,pAAV-hSyn-TeTxLC-P2A-mTurquoise2,6522,0.5348,736,-0.166984,-0.360864
211118,pBiT3.1-N_DCAF7:1-342,5310,0.5107,362,-0.15341,-0.3345
211902,pAAV hSyn RSET-T-GECO1.WPRE,5628,0.5435,600,-0.170705,-0.361705
193568,PH-miRFP-FRB,5745,0.545,593,-0.171241,-0.362057
144624,TFORF3148,9589,0.5241,398,-0.151256,-0.334205
64857,pKESK22,3952,0.5046,319,-0.139106,-0.301286
193606,pXPR_003 sgINTS12 guide 1,8323,0.5111,286,-0.151838,-0.334656
77281,GSK3B gRNA (BRDN0001145264),8323,0.5114,291,-0.151162,-0.331031
180411,W118-1_hTGM6-Flag,10130,0.5334,716,-0.156275,-0.340979
135873,D60_Ld_343410,7383,0.5093,495,-0.164129,-0.3596
118206,lentiSAMv2 rs11257655-guide3,13501,0.521,1624,-0.146063,-0.324079
118585,pET22b-ecDHFR-N23PP/L28F/G51PEKN,5895,0.5296,319,-0.160109,-0.336
227551,pEPDG1CB0003,6185,0.5179,382,-0.15493,-0.32493
185486,pCMV-T7-NLS(SV40)-anCas(PCA)-BPNLS(SV40)-P2A-EGFP (LTH1441),10434,0.5252,1664,-0.146783,-0.32533
171128,pCMV-T7-null (BPK1077),3406,0.5003,286,-0.154267,-0.3336
184244,pcDNA5/FRT/TO-TRPT1,5961,0.5273,316,-0.166655,-0.3578
181885,pPHR-mCherry-hHP1gamma,6743,0.5045,927,-0.144442,-0.319072
192688,lentiCRISPRv2_ZsG gRNA_4,13013,0.5279,1612,-0.147738,-0.324125
91872,p2CT-His-MBP-Ppr_Cas13a_WT,9419,0.4938,1561,-0.138722,-0.294611
240241,R26_CAG_BST_FUCCIplex,9612,0.5831,805,-0.175741,-0.383857
111465,B1-3,8470,0.5362,537,-0.156882,-0.339671
229987,pPLP3H-mCf,5017,0.4935,393,-0.146432,-0.325084
226542,pDest17_A1-LCD swap V5,5131,0.5286,286,-0.156558,-0.344168
225068,pET28:LanII-2A,8882,0.5162,1106,-0.149382,-0.323371
118851,MiniCoopR mitfa:SPRED1,12256,0.4156,445,-0.111924,-0.257177
112478,pZNF211.1.0-gDNA,8477,0.5318,1423,-0.160637,-0.34035
179503,pSSa29,8390,0.4192,550,-0.117287,-0.263675
240107,pL6puro-JeT-pmRevErbA-mScaI3-NLS-Pest,11162,0.5322,342,-0.150247,-0.336674
168403,pTL342,7632,0.4679,302,-0.135662,-0.296938
76368,EPHA2 gRNA (BRDN0001147157),8323,0.5116,291,-0.151312,-0.331231
91524,pHH0103_VAV3-2/2,6897,0.4949,321,-0.147115,-0.318815
120819,pcDNA3.2/NS2B,5928,0.5175,286,-0.153842,-0.3419
145800,pEAK-bKal7,11084,0.5529,1657,-0.160396,-0.356367
136045,PLKO.1-UPF3B-CDS,7084,0.5107,286,-0.152689,-0.328956
135847,D31_Ld_261020,7632,0.517,589,-0.168545,-0.364166
204835,pRK5 BMPS K319E-6xHis,5771,0.5013,369,-0.148082,-0.326736
188787,EcAvs1,8848,0.4738,2016,-0.1269,-0.2862
126331,pGWB14-LYX113,15255,0.5233,382,-0.154685,-0.325597
183913,pKSB-AeU6-2gRNA,3477,0.4904,286,-0.158883,-0.336783
134537,YFP-NOP58-C1,6282,0.4981,775,-0.142072,-0.309493
157271,pD649-HAsp-JAML-COMP5AP-AviTag-9xHis,7921,0.5336,878,-0.160397,-0.341913
191861,pCRISPR3_BC6,2354,0.5463,264,-0.183517,-0.396049
146578,pLNHA-C1-HseIF4A3_I,5405,0.5153,502,-0.151673,-0.327294
99212,pDB038b,6601,0.463,707,-0.133544,-0.301144
114981,RKL1 I6_pECIA2 ,4973,0.5089,519,-0.140256,-0.308256
187765,MAC_C_EphA7,9066,0.5113,1303,-0.15404,-0.33348
77350,FLT3 gRNA (BRDN0001145134),8323,0.5111,291,-0.151162,-0.331056
91478,pHH0103_UBASH3A-1/1,6930,0.4957,332,-0.1477,-0.319031
90718,KIF20A D5.2 gRNA,7302,0.5011,291,-0.146364,-0.3176
207456,IVT-MCP-Phi29,5442,0.4844,744,-0.12816,-0.29551
118743,pCAG-EGFP-Snapin,6373,0.5779,382,-0.183044,-0.394412
110847,pLenti-TRE3G-FNLS-PGK-Puro,12586,0.5293,1750,-0.145563,-0.320135
226277,pRS316-SEC18-NCYC110,8368,0.4226,758,-0.110856,-0.250931
205604,pCDNA5/FRT/TO–γ-tubulinΔGTP-RNAi-resistant-GFP,7166,0.5401,772,-0.166089,-0.356237
86039,hSgk1_v3 Flag,6806,0.512,464,-0.151889,-0.337208
103994,pEB1-mClover3,4391,0.4486,316,-0.120787,-0.2708
118013,Six5 pGWB402,10332,0.5404,391,-0.174135,-0.36102
247284,"NSK249 CMV-TO-SCN1A (exons 20, 21)",5583,0.5081,316,-0.154619,-0.335371
89488,YFC43,12050,0.5238,391,-0.160991,-0.342591
143737,TFORF0908,10975,0.4957,869,-0.135612,-0.309233
131140,pU6-chiRNA_dCrkgRNA2,3460,0.4812,286,-0.14525,-0.313383
180324,pCMV_SEPT9_i3-mApple-CAAX,6410,0.5534,823,-0.159786,-0.347108
195832,pENTR223-BcRF1(vTBP),5037,0.5483,820,-0.164474,-0.345242
195128,Chr8q_Centromere-Targeting_gRNA,11344,0.5232,1672,-0.144355,-0.314541
140155,YIplac204-pOst1-APVNTT-E2-Crimson-FKBP(LV)(C22V),5183,0.4866,363,-0.139242,-0.303197
92023,p5mCherry,3703,0.529,286,-0.169708,-0.351154
179140,Negative Control Binder,6105,0.4696,456,-0.137278,-0.296791
112192,pcDNA6 MCV LTco S147A,7549,0.5062,817,-0.145094,-0.320234
130888,pLenti-CMV-Blast-DNTGFBR2-HA,8331,0.4899,395,-0.138791,-0.309319
175259,pCAG-lox-rox-STOP-rox-lynScarlet-lox-Lyn-NeonGreen,7832,0.5356,286,-0.166053,-0.359107
100482,pCMV_mEm_4GS_LF82_731,5285,0.501,520,-0.14808,-0.31869
177195,CD Ugi3,3307,0.4799,286,-0.143817,-0.31165
153910,pGBW-m4252989,6765,0.5174,342,-0.150808,-0.331669
64072,Adeno Cas9,11178,0.5391,1499,-0.153619,-0.338088
65395,GFP-TAF1,11569,0.4957,2178,-0.131772,-0.300131
190576,plx307 SHOC2 V5 R223F,10156,0.4979,607,-0.139759,-0.31459
158491,pZA13,5379,0.473,850,-0.13995,-0.29894
184084,pT22UbHEn2E4PCh(#262),10780,0.4599,913,-0.135562,-0.29193
234095,pKEK3197,6308,0.4586,439,-0.139742,-0.299483
240607,ACE2-Mutant-C3,7850,0.4898,823,-0.141189,-0.317927
62795,PS-CFP2-MYR-N-5,4734,0.5304,264,-0.158235,-0.339894
208402,pUb FLAG-Mts H59Q,5808,0.4588,335,-0.1341,-0.2874
228051,pUCmini-RELA-PGK-EGFP,4197,0.564,319,-0.169213,-0.368347
238294,mscv_EGFP-NUP98-KDM5A-KS,8190,0.514,1018,-0.136809,-0.310697
195980,pCK029 exorh:EGFP,6779,0.4672,286,-0.136224,-0.296762
128731,pCPP6450,5838,0.4757,632,-0.140127,-0.305582
135760,PX330_ONECUT2_2,8506,0.5335,1423,-0.156297,-0.335291
160513,pTricHis-ILY-WT-charge+,5882,0.5111,535,-0.157455,-0.324709
141026,pUC-DEST-hSOX2-EGFP-PuroTK,7977,0.548,613,-0.159734,-0.33994
112162,pAAV.hSynap.iGABASnFR.R205A,6310,0.5628,646,-0.176908,-0.366308
212487,pTwist-SARS-CoV-2 Spike-deltaC18 BA.2,10453,0.4885,1252,-0.130417,-0.29409
242034,phTERT-Split PS Intein-N tTA,6088,0.5509,347,-0.164096,-0.3556
205831,CL20_mEGFP_ITGB6_RBMS1,8658,0.4834,821,-0.128059,-0.290292
112523,pFPV-mCherry-TT,5508,0.5517,449,-0.17879,-0.373497
245319,pMV_AA097,14039,0.528,1596,-0.14916,-0.333498
163270,B8MMC0,6851,0.5291,504,-0.158131,-0.338423
111942,Hsh155 Q773A,8127,0.4246,971,-0.114363,-0.256626
110750,Pediculus humanus corporis PINK1 (115 - 575),7349,0.4975,701,-0.144186,-0.315036
213297,GPRC5C-DuET,6899,0.5196,508,-0.152262,-0.333223
194307,pGTag Hygro EGFP nLAP +2,5409,0.5258,714,-0.16074,-0.34456
198839,pGL3-MTS-ATP6-W68-R17-G1333N-UGI-Puro,7150,0.5559,879,-0.163985,-0.3544
90206,LP380,9984,0.5464,2009,-0.157914,-0.345379
203952,pCAT.482,8484,0.5798,709,-0.189294,-0.383206
129270,pGAN213,7197,0.4746,286,-0.137504,-0.298252
111895,pEMS2131,5010,0.5265,286,-0.169295,-0.352105
199717,pAAV_CMV::V5-EGFR,7469,0.5236,1222,-0.162871,-0.344086
115872,pAPM-D4 miR30-FAM208A ts2,6319,0.4955,295,-0.145594,-0.318192
90006,pcDNA5-Flag-BRD4-7A,9333,0.5584,1373,-0.147878,-0.326733
135003,EF1a_mCherry_P2A_Hygro,10150,0.5263,657,-0.157265,-0.347133
113813,pCSDC2-donor,7461,0.5659,339,-0.172093,-0.374157
215222,shRNA_circSMAD2_2,7084,0.5113,286,-0.153807,-0.324692
113737,pENTR-PpU6P-sgRNA-L1R5,3067,0.4858,269,-0.1476,-0.305673
230289,AiP13408 - pAAV-AiE0891m-minBG-SYFP2-P2A-3XFLAG-10aa-H2B-WPRE3-BGHpA (Alias: CN3408),5383,0.5222,541,-0.159987,-0.34267
91544,pHH0103_SH3RF1-1/4,6894,0.4935,320,-0.146177,-0.319131
143577,TFORF2204,10111,0.4978,581,-0.142684,-0.319554
179719,pF(UG) hSyn SYP-deltaTMD SYT7alpha-HaloTag,11451,0.5303,1004,-0.154336,-0.341368
122906,YIp ADE2-MET17,7260,0.4408,571,-0.123793,-0.274536
210943,pFBOH-MHL_CDC20:161-477,5684,0.494,335,-0.15521,-0.332067
145155,pcDNA3-sACE2v1-Fc(IgA1),7915,0.4982,852,-0.143131,-0.322973
212450,pTwist-SARS-CoV-2 Spike-deltaC18 YY144TSN (ACTTCTAAC),10465,0.4896,1256,-0.130342,-0.29354
215138,mCherry-POLB,8595,0.534,585,-0.158035,-0.345127
108924,pMIR-REPORT-MYC CDS_WT,7125,0.5231,575,-0.149241,-0.321
220066,mCherry-C1-FKBPflex-OSBP-siRNAr,7582,0.5282,1198,-0.154621,-0.337179
116137,pHAGE-BRAF-D594H,10790,0.5037,766,-0.141471,-0.31979
183440,pOC5 Tubb3-GFP KI,4071,0.5065,286,-0.167627,-0.343627
227300,qTAG-N-Solo-mStayGold-TJP1,4577,0.5809,409,-0.190847,-0.399247
213232,EDNRA-DuET,6821,0.5106,482,-0.149643,-0.334085
210174,pRH3154,10066,0.4261,571,-0.110425,-0.25339
202583,pZG164,14117,0.5289,503,-0.157764,-0.343382
163707,EC2_2_dCas9_VP64_sgRNA,9532,0.4573,1444,-0.11709,-0.265108
153221,pAGM47523,7862,0.4594,336,-0.127393,-0.2859
138522,pBT100.164,2775,0.4822,292,-0.157045,-0.323712
229418,HA-MST1-7A,9225,0.496,509,-0.140801,-0.315383
23782,pDONR223-PBK,3756,0.4824,393,-0.148571,-0.3085
163350,pMY-MCS-GSG-eGFP,5550,0.5355,286,-0.144971,-0.327629
144049,TFORF2604,10519,0.497,717,-0.141211,-0.315737
153975,SNAP-Dcp2,5787,0.5079,610,-0.153755,-0.327973
178243,pLKO_C.HSV.NWS_mCherry-NLS,8781,0.5104,302,-0.148641,-0.329441
124664,SpyCatcher002-oPent,4263,0.5027,286,-0.1554,-0.335662
224787,pUC-hU6-crBACH1-array_EF1a-BFP,4831,0.4958,286,-0.146989,-0.309722
161026,HfACR1_EYFP_pcDNA3.1,7089,0.5304,554,-0.158619,-0.349674
190997,OA-1127B,13584,0.4289,491,-0.12097,-0.260517
163674,TMD19,5040,0.5319,359,-0.157958,-0.342495
246660,pEGFP-C1-DNAJC13(FL),11475,0.4624,2506,-0.12472,-0.281018
114424,2xsspB-mSc-sspB-Tiam1,7054,0.534,1053,-0.158012,-0.342007
102362,pcDNA3.1-hUCP4-NE,6413,0.5066,345,-0.150219,-0.335425
191149,EK0313 SFFV-mCherry-SG(s70587)SG-Cre (FLP-IN),6905,0.5303,343,-0.162138,-0.351954
220373,paoB-CBE,17153,0.4736,1710,-0.126502,-0.285978
209707,pCMV-MBP-yATOM_mCherry,6352,0.5338,791,-0.159586,-0.338783
119115,SH3PXD2A-PX (1-126),5329,0.502,351,-0.15223,-0.32671
114682,pRC03,4966,0.4946,457,-0.145733,-0.320711
205120,SDCBPA-c012,5968,0.5124,319,-0.149736,-0.323727
140033,pSZT025,6735,0.4961,364,-0.138064,-0.30504
199323,pcDNA3-RIPK3[S199A][S227A]-FLAG,6998,0.5256,545,-0.158779,-0.354015
124971,AV4-EF1-GFP,6706,0.5313,286,-0.169576,-0.357776
170239,LV_EF1a_MAPK14-P2A-Hygro_Barcode,10586,0.5127,723,-0.151463,-0.339224
113853,CAG-loxP-3xpA-sfGFP-tdTomato T2A V XE,8883,0.5392,740,-0.1661,-0.354035
144791,TFORF3315,10459,0.5262,688,-0.150947,-0.335625
173777,pIT5_KW_CymR,4181,0.4628,271,-0.145192,-0.313307
158456,pLEX307-APN-G418,11513,0.5254,967,-0.147535,-0.330652
129318,pN1-QUE37C,5158,0.539,381,-0.165056,-0.353305
1868,Cdk6-HA,7510,0.5077,380,-0.14751,-0.320972
85537,FgH1tUTG_Bfl-1.2,10952,0.5221,467,-0.14298,-0.316475
205963,pHS1543,8263,0.5431,326,-0.15965,-0.344481
235485,pHK001.3QS,4919,0.5184,377,-0.154014,-0.328956
161386,pDONR221-SLC6A9_STOP,4671,0.5217,751,-0.158388,-0.342694
218126,pJM185A,7630,0.4367,722,-0.122178,-0.2742
77228,PRKD1 gRNA (BRDN0001146537),8323,0.5116,291,-0.15115,-0.33105
226621,pFB-GST-IRP2,8634,0.4521,1190,-0.130485,-0.290224
203574,pLX304-BCL-XL-499R,8428,0.5068,327,-0.147438,-0.325838
101709,YPRCΔ15Ω2,4421,0.4483,313,-0.127217,-0.28405
229171,lvl0-5-1x-wuORF,2274,0.5066,301,-0.177485,-0.36759
80630,GST-CHMP4A (pGEX2T(TEV)),5650,0.5011,457,-0.147994,-0.320314
208156,AiP13062 - pAAV-AiE0409h-minBglobin-SYFP2-WPRE3-BGHpA (Alias: CN3062),4731,0.5246,297,-0.164329,-0.352647
160917,pAGM9121_pDAS2,2981,0.4753,336,-0.149413,-0.315632
228304,pMT1342,7232,0.4528,465,-0.116837,-0.279148
119895,pDEST-Hemmar-FLP(D),13143,0.4558,423,-0.123102,-0.272035
99946,pcDNA3-HA-REDD1 R133A/P139A (#626),6152,0.5299,286,-0.16064,-0.351739
12526,pBabe puro HA PIK3CB,8410,0.4956,1088,-0.135446,-0.307119
153802,pGBW-m4252807,6731,0.5234,286,-0.146496,-0.330016
122024,SEPT11 sh2 3m shRNA,3428,0.4778,286,-0.157437,-0.322533
120499,EF1a_KLF13_P2A_Hygro_Barcode,10370,0.5231,651,-0.157327,-0.34701
244242,pGEM-T_mouseH3.1-HaloTag,5080,0.5376,464,-0.165474,-0.3534
128861,pMV14,4075,0.4667,286,-0.14336,-0.30308
155229,C1-iRFP-iLid-CaaX,5440,0.5368,492,-0.166403,-0.34671
157993,pSFFV_mNG3K(1-10),9642,0.4886,353,-0.135425,-0.309762
21687,pBABE-HA-GOLPH3,6037,0.5433,316,-0.151942,-0.336296
139627,RET-V5,8815,0.5486,1148,-0.162365,-0.361441
238113,TTR C10S/S85C/A120S,5593,0.5262,319,-0.154695,-0.332752
169166,pBIG1a_3xFlag-6His-nsp15 (SARS-CoV-2),7601,0.4994,414,-0.149503,-0.320876
138430,pcDNA4/TO-ORF24 L74A_L75A-3xFLAG,7374,0.5199,864,-0.152988,-0.334369
232458,3xFlag-Rab34,4894,0.4969,286,-0.163944,-0.3425
222836,pHEE-R-kan5A9si,20106,0.5033,1423,-0.14582,-0.318124
90237,pLentiPGK DEST H2B-iRFP670,7911,0.5276,557,-0.15964,-0.339993
153727,pGBW-m4134504,4341,0.4828,286,-0.136613,-0.305063
199229,pET32a-hAREG,6150,0.5229,492,-0.1552,-0.335852
196359,pGTVL2-SENP6,7353,0.5021,690,-0.145943,-0.311829
147755,pT7-V5-SBP-C1-HsXRN1_1174-1706_V,5827,0.4963,653,-0.143945,-0.313427
